Klassifikaatori elementide täielik loetelu,,,,,,,,,,,,,,,,,,,,,,,,,,
Klassifikaatori API:,https://estat.stat.ee/codelists/codelist/MAJANDUSLIKSISU2024ap,,,,,,,,,,,,,,,,,,,,,,,,,
codeListCode,MAJANDUSLIKSISU2024ap,,,,,,,,,,,,,,,,,,,,,,,,,
codeListName,Kirje majandusliku sisu kood,,,,,,,,,,,,,,,,,,,,,,,,,
"Sektsioonide maatriks (tabeli lõpus) näitab, millistesse sektsioonidesse saab olla element sisendiks. Kui Andmekoosseisu lehel on märgitud veel täiendavaid sektsioonide seoseid, kuid neid ei ole eraldi siin lehel välja toodud, siis see tähendab, et klassifikaatori elemendid võivad olla sektsiooni sisendiks täies mahus.",,,,,,,,,,,,,,,,,,,,,,,,,,
Klassifikaatori elemendi kood,Hierarhias tase kõrgemal oleva elemendi kood,Hierarhilise klassifikaatori elemendi tase,Klassifikaatori elemendi valitavus: 0 = ei ole valitav; 1 = valitav,Elemendi nimetus eesti keeles,Elemendi nimetus inglise keeles,Elemendi nimetus vene keeles,Elemendi kohta esitatud kirjeldav või selgitav tekst eesti keeles,Elemendi kohta esitatud kirjeldav või selgitav tekst inglise keeles,Elemendi kohta esitatud kirjeldav või selgitav tekst vene keeles,"Täpsustav selgitus, mida elemendi all esitada (nt sünonüümsed ja lähedased nimetused või näited) - eesti keeles","Täpsustav selgitus, mida elemendi all esitada (nt sünonüümsed ja lähedased nimetused või näited) - inglise keeles (NB! Sünonüümide osas pole keelelist üks-ühest vastavust)","Täpsustav selgitus, mida elemendi all esitada (nt sünonüümsed ja lähedased nimetused või näited) - vene keeles (NB! Sünonüümide osas pole keelelist üks-ühest vastavust)","Täiendav täpsustav selgitus, mida elemendi all esitada (nn piiripealsed või eriliigilised juhtumid, mida elemendi all esitada), eesti keeles","Täiendav täpsustav selgitus, mida elemendi all esitada (nn piiripealsed või eriliigilised juhtumid, mida elemendi all esitada), inglise keeles (NB! Sünonüümide osas pole keelelist üks-ühest vastavust)","Täiendav täpsustav selgitus, mida elemendi all esitada (nn piiripealsed või eriliigilised juhtumid, mida elemendi all esitada), vene keeles (NB! Sünonüümide osas pole keelelist üks-ühest vastavust)","Täpsustav selgitus, mida elemendi all mitte esitada (nt lähedase sõnastusega nimetus, mis liigitub aga teise elemendi alla)","Täpsustav selgitus, mida elemendi all mitte esitada (nt lähedase sõnastusega nimetus, mis liigitub aga teise elemendi alla), inglise keeles (NB! Sünonüümide osas pole keelelist üks-ühest vastavust)","Täpsustav selgitus, mida elemendi all mitte esitada (nt lähedase sõnastusega nimetus, mis liigitub aga teise elemendi alla), vene keeles (NB! Sünonüümide osas pole keelelist üks-ühest vastavust)",Klassifikaatori elemendil kasutatava mõõtühiku kood,Klassifikaatori elemendil kasutatava mõõtühiku tähis eesti keeles,"Sama, mis eelmine, inglise keeles","Sama, mis eelmine, vene keeles",Elemendi kehtivuse algusaeg (YYYY-MM-DD),Elemendi kehtivuse lõpuaeg (YYYY-MM-DD),EE0101001,EE0103003
code,parentCode,level,selectable,name_ET,name_EN,name_RU,explanation_ET,explanation_EN,explanation_RU,included_ET,included_EN,included_RU,included_extra_ET,included_extra_EN,included_extra_RU,excluded_ET,excluded_EN,excluded_RU,unitCode,unit_ET,unit_EN,unit_RU,validFromDate,validUntilDate,,
1,,1,0,Varad,Assets,,,,,,,,,,,,,,,,,,2024-01-01,,,
101010,1,2,1,Raha - Sularaha,Cash - Cash in hand,,Raha kassas.,Cash in hand.,,,,,,,,,,,,,,,2024-01-01,,,
101020,1,2,1,Raha - Arvelduskontod,Cash - Bank accounts,,Raha pangas arveldusarvetel.,Money in bank accounts.,,,,,,,,,,,,,,,2024-01-01,,,
101030,1,2,1,Raha - Hoiused,Cash - Deposits,,Hoiused tähtajaga kuni 3 kuud.,Deposits with a maturity of up to 3 months.,,,,,,,,,,,,,,,2024-01-01,,,
101990,1,2,1,Raha - Muud,Cash - Other,,"Lühiajalised paigutused rahaturufondidesse ja muudesse kõrge likviidsusega fondidesse (kuni 3 kuud), raha teel jne.","Short-term deposits in money market funds and other high-liquidity funds (up to 3 months), money in movement, etc.",,,,,,,,,,,,,,,2024-01-01,,,
102010,1,2,1,Finantsinvesteeringud - (Lühiajaline),Financial Investments - Shares (Short-term),,"Osalused (aktsiad, osad jms), mida tõenäoliselt realiseeritakse lähema 12 kuu jooksul.",Shares likely to be realised within the next 12 months.,,,,,,,,,,,,,,,2024-01-01,,,
103010,1,2,1,Nõuded - Ostjate vastu (Lühiajaline),Receivables - Accounts Receivable (Short-term),,"Ostjatelt laekumata summad, mille maksetähtaeg on järgneva 12 kuu jooksul",Accounts receivables due in the next 12 months.,,,,,,,,,,,,,,,2024-01-01,,,
103020,1,2,1,Nõuded - Ebatõenäoliselt laekuvad nõuded ostjate vastu(Lühiajaline),Receivables - Allowance For Doubtful Receivables (Short-term),,Ostjate laekumata nõuete allahindlus (ebatõenäoline osa).,Allowance for doubtful receivables.,,,,,,,,,,,,,,,2024-01-01,,,
103030,1,2,1,Nõuded - Laenud (Lühiajaline),Receivables - Loans (Short-term),,"Laenunõuded, mille maksetähtaeg on järgneva 12 kuu jooksul.",Loan receivables due within the next 12 months.,,,,,,,,,,,,,,,2024-01-01,,,
103040,1,2,1,Nõuded - Intressid (Lühiajaline),Receivables - Interest (Short-term),,"Intressinõuded, mille maksetähtaeg on järgneva 12 kuu jooksul.",Interest receivables due within the next 12 months.,,,,,,,,,,,,,,,2024-01-01,,,
103050,1,2,1,Nõuded - Dividendid (Lühiajaline),Receivables - Dividend (Short-term),,Järgmise 12 kuu jooksul tasumisele kuuluvad dividendinõuded.,Dividend receivables due within in the next 12 months.,,,,,,,,,,,,,,,2024-01-01,,,
103060,1,2,1,Nõuded - Viitlaekumised (Lühiajaline),Receivables - Accrued Income (Short-term),,"Tekkepõhiselt kajastatud tulud, mille osas on arve esitamata.",Accrured income not invoiced.,,,,,,,,,,,,,,,2024-01-01,,,
103990,1,2,1,Nõuded - Muud (Lühiajaline),Receivables - Other (Short-term),,"Muud lühiajalised nõuded (nõuded töötajate vastu, leppetrahvi nõuded jne), mida ei saa kajastada eelnevatel kirjetel või mille eristamine aruandes ei ole oluline.","Other short-term receivables (receivables against employees, contractual penalty receivables, etc.) which cannot be included in previous items or the distinction of which in the report is not material.",,,,,,,,,,,,,,,2024-01-01,,,
104010,1,2,1,Maksunõuded - Maksude ettemaksukonto (Lühiajaline),Tax prepayments - Prepayment account balance (Short-term),,Maksude ettemaksukonto saldo.,Balance of tax prepayment account.,,,,,,,,,,,,,,,2024-01-01,,,
104020,1,2,1,Maksunõuded - Maksunõuded (Lühiajaline),Tax prepayments - Tax receivables (Short-term),,"Muud maksunõuded, mis ei sisaldu maksu ettemaksukontol.",Other tax receivables not included in the tax prepayment account.,,,,,,,,,,,,,,,2024-01-01,,,
105010,1,2,1,Makstud Ettemaksed - Tulevaste perioodide kulud (Lühiajaline),Paid Prepayments - Deferred expenses (Short-term),,"Väljaminekud, mida periodiseeritakse ja kantakse kuluks järgmisel aruandeperioodil.",Expenditure to be periodised and expensed for the next reporting period.,,,,,,,,,,,,,,,2024-01-01,,,
105990,1,2,1,Makstud Ettemaksed - Muud (Lühiajaline),Paid Prepayments - Other (Short-term),,Muud ettemaksed.,Other prepayments.,,,,,,,,,,,,,,,2024-01-01,,,
106010,1,2,1,Varud - Tooraine ja materjal,Inventories - Raw Materials,,"Tooraine ja materjal laos, mida kavatsetakse kasutada toodete tootmiseks või teenuste osutamiseks.",Raw materials and materials in storage intended to be used for the production of products or services.,,,,,,,,,,,,,,,2024-01-01,,,
106020,1,2,1,Varud - Lõpetamata toodang,Inventories - Work In Progress,,Lõpetamata pooltoodangu maksumus tootmises.,Cost of unfinished semi-production in production.,,,,,,,,,,,,,,,2024-01-01,,,
106030,1,2,1,Varud - Valmistoodang,Inventories - Finished Goods,,Valmistoodangu maksumus laos.,Cost of finished products in stock.,,,,,,,,,,,,,,,2024-01-01,,,
106040,1,2,1,Varud - Müügiks ostetud kaubad,Inventories - Merchandise,,Edasimüügiks ostetud kaup laos.,Goods purchased for resale in stock.,,,,,,,,,,,,,,,2024-01-01,,,
106050,1,2,1,Varud - Ettemaksed,Inventories - Prepayments,,"Ettemaksed varude eest (materjalid, toorained, kaubad).","Prepayments for stocks (materials, raw materials, goods).",,,,,,,,,,,,,,,2024-01-01,,,
106990,1,2,1,Varud - Muud,Inventories - Other,,"Varud, mida ei saa kajastada eelnevatel kirjetel või mille liigiti eristamine ei ole oluline.",Stocks which cannot be recorded in previous items or for which the distinction by type is not material.,,,,,,,,,,,,,,,2024-01-01,,,
107010,1,2,1,Bioloogilised varad - (Käibevara),Biological Assets - (current assets),,"Loomne või taimne elusorganism, mis on ostetud edasimüügiks või realiseeritakse tavapärase äritsükli käigus.",Live animals or plant organisms purchased for resale or disposed of in the normal business cycle.,,,,,,,,,,,,,,,2024-01-01,,,
108011,1,2,1,Osalused - Tütar- ja sidusettevõtted,Shares of Subsidiaries and Associates,,"Tütarettevõte on ettevõte, mille üle teisel ettevõttel (emaettevõte) on valitsev mõju. Sidusettevõte on ettevõte, mille üle investoril on oluline mõju ja mis ei ole investori tütarettevõte.",A subsidiary is an enterprise over which another enterprise (parent enterprise) has a dominant influence. An associate is a company over which the investor has a significant influence and which is not a subsidiary of the investor.,,,,,,,,,,,,,,,2024-01-01,,,
102011,1,2,1,Finantsinvesteeringud (Pikaajaline),Financial Investments - Shares (Long-term),,"Muud aktsiad ja osad, mis ei ole tütar ja sidusettevõtted, ja mida kavatsetakse hoida üle 12 kuu.",Other shares other than subsidiaries and associates which are intended to be held for more than 12 months.,,,,,,,,,,,,,,,2024-01-01,,,
103011,1,2,1,Nõuded - Ostjate vastu (Pikaajaline),Receivables - Accounts Receivable (Long-term),,"Ostjatelt laekumata nõuded, mille laekumise tähtaeg saabub 12 kuu pärast.",Accounts receivables due after 12 months.,,,,,,,,,,,,,,,2024-01-01,,,
103031,1,2,1,Nõuded - Laenud (Pikaajaline),Receivables - Loans (Long-term),,"Laenunõuded, mille laekumise tähtaeg saabub 12 kuu pärast.",Loan receivables due after 12 months.,,,,,,,,,,,,,,,2024-01-01,,,
103041,1,2,1,Nõuded - Intressid (Pikaajaline),Receivables - Interest (Long-term),,"Intressinõuded, mille laekumise tähtaeg saabub 12 kuu pärast.",Interest receivables due after 12 months.,,,,,,,,,,,,,,,2024-01-01,,,
103051,1,2,1,Nõuded - Dividendid (Pikaajaline),Receivables - Dividend (Long-term),,"Dividendinõuded, mille maksetähtaeg saabub 12 kuu pärast.",Dividend receivables due after 12 months.,,,,,,,,,,,,,,,2024-01-01,,,
103061,1,2,1,Nõuded - Viitlaekumised (Pikaajaline),Receivables - Accrued Income (Long-term),,"Tekkepõhiselt arvele võetud nõuded, mille laekumise tähtaeg saabub 12 kuu pärast.",Accured incomes due date after 12 months.,,,,,,,,,,,,,,,2024-01-01,,,
103991,1,2,1,Nõuded - Muud (Pikaajaline),Receivables - Other (Long-term),,"Muud nõuded, mille laekumise tähtaeg saabub 12 kuu pärast.",Other receivables due after 12 months.,,,,,,,,,,,,,,,2024-01-01,,,
104011,1,2,1,Maksunõuded - Maksunõuded (Pikaajaline),Tax prepayments - Tax receivables (Long-term),,"Muud maksude tagasinõuded, mille laekumise tähtaeg saabub 12 kuu pärast.",Other tax recoveries due after 12 months.,,,,,,,,,,,,,,,2024-01-01,,,
105011,1,2,1,Makstud Ettemaksed - Tulevaste perioodide kulud (Pikaajaline),Paid Prepayments - Deferred expenses (Long-term),,"Väljaminekud, mida periodiseeritakse pikema perioodi jooksul.",Expenditure periodised over a longer period.,,,,,,,,,,,,,,,2024-01-01,,,
105991,1,2,1,Makstud Ettemaksed - Muud (Pikaajaline),Paid Prepayments - Other (Long-term),,Muud pikaajalised ettemaksed.,Other long-term advances.,,,,,,,,,,,,,,,2024-01-01,,,
107011,1,2,1,Bioloogilised varad - (Põhivara),Biological Assets - (Long term),,"Loomne või taimne elusorganism, mida kavatsetakse hoida üle 12 kuu.",Live animal or plant organisms intended to be kept for more than 12 months.,,,,,,,,,,,,,,,2024-01-01,,,
107021,1,2,1,Bioloogilised varad - Akumuleerunud kulum (Põhivara),Biological Assets - Depreciation (Long term),,"Bioloogiliste varade, mida kavatsetakse hoida üle 12 kuu,  akumuleerunud kulum ja allahindlused.",Accumulated depreciation and discounts on biological assets intended to be held for more than 12 months.,,,,,,,,,,,,,,,,,,
107051,1,2,1,Bioloogilised varad - Ettemaksed (Põhivara),Biological Assets - Prepayments (Long term),,"Ettemaksed bioloogiliste varade eest, mida kavatsetakse hoida üle 12 kuu.",Advances on biological assets intended to be held for more than 12 months.,,,,,,,,,,,,,,,2024-01-01,,,
109011,1,2,1,Kinnisvarainvesteering,Investment Property ,,"Maa või hoone või osa hoonest või mõlemad, mida hoitakse renditulu teenimise, väärtuse kasvu või mõlemal eesmärgil, mitte aga kasutamiseks toodete tootmisel või teenuste osutamisel, halduseesmärkidel või müügiks.","Land or a building or part of a building, or both, held for the purpose of generating rental income, value increase or both, and not for use in the production of products or in the provision of services, for administrative purposes or for sale.",,,,,,,,,,,,,,,2024-01-01,,,
109021,1,2,1,Kinnisvarainvesteering - Akumuleerunud kulum,Investment Property - Depreciation,,Kinnisvarainvesteeringult arvestatud akumuleerunud kulum.,Accumulated depreciation calculated on investment property.,,,,,,,,,,,,,,,2024-01-01,,,
109031,1,2,1,Kinnisvarainvesteering - Lõpetamata projektid,Investment Property - Under Construction,,Pooleli olevate kinnisvarainvesteeringutega seotud väljaminekud.,Expenses related to unfinished real estate investments.,,,,,,,,,,,,,,,2024-01-01,,,
109041,1,2,1,Kinnisvarainvesteering - Lõpetamata projektid - kapitaliseeritud laenukulutused,Investment Property - Capitalized interest,,"Laenukulude summa, mis on kapitaliseeritud kinnisvarainvesteeringu ehitamise perioodil vara maksumusse.",Amount of loan costs capitalised to the cost of the property during the construction period of the real estate investment.,,,,,,,,,,,,,,,2024-01-01,,,
109051,1,2,1,Kinnisvarainvesteering - Ettemaksed,Investment Property - Prepayments,,Ettemaksed kinnisvarainvesteeringute eest.,Advances for real estate investments.,,,,,,,,,,,,,,,2024-01-01,,,
110011,1,2,1,Materiaalne põhivara soetusmaksumuses,Property Plant And Equipment at Acquisition Cost,,"Vara, mida ühing kasutab tootmise, teenuste osutamise, rentimise või halduseesmärkidel ja mida ta kavatseb kasutada kauem kui aasta.","Assets which the association uses for production, provision of services, renting or administrative purposes and which it intends to use for more than a year.",,,,,,,,,,,,,,,2024-01-01,,,
110021,1,2,1,Materiaalne põhivara - Akumuleerunud kulum,Property Plant And Equipment - Depreciation,,Materiaalse põhivara akumuleerunud kulum ja allahindlused.,Accumulated depreciation and discounts on tangible fixed assets.,,,,,,,,,,,,,,,2024-01-01,,,
110031,1,2,1,Materiaalne põhivara - Lõpetamata projektid,Property Plant And Equipment - Under Construction,,"Materiaalse põhivara soetamisega seotud väljaminekud, mis pole veel varana arvele võetud.",Expenditure related to acquisition of tangible assets not yet recognised as assets.,,,,,,,,,,,,,,,2024-01-01,,,
110041,1,2,1,Materiaalne põhivara - Lõpetamata projektid - kapitaliseeritud laenukulutused,Property Plant And Equipment - Capitalized interest,,"Laenukulude summa, mis on kapitaliseeritud põhivara maksumusse, mille valmistamine toimub pikema perioodi jooksul.","Amount of loan costs capitalised to the cost of fixed assets, the preparation of which takes place over a longer period.",,,,,,,,,,,,,,,2024-01-01,,,
110051,1,2,1,Materiaalne põhivara - Ettemaksed,Property Plant And Equipment - Prepayments,,Tasutud ettemaksed materiaalse põhivara eest.,Advances paid for tangible fixed assets.,,,,,,,,,,,,,,,2024-01-01,,,
111011,1,2,1,Immateriaalne põhivara soetusmaksumuses,Intangible Assets at Acquisition Cost,,"Füüsilise vormita, teistest varadest eristatavad mitterahaline vara, mida ühing kavatseb kasutada pikema perioodi jooksul kui üks aasta.","Non-monetary assets, without physical form, distinguishable from other assets, which the firm intends to use for a period longer than one year.",,,,,,,,,,,,,,,2024-01-01,,,
111021,1,2,1,Immateriaalne põhivara - Akumuleerunud kulum,Intangible Assets - Depreciation,,Immateriaalsete põhivarade akumuleerunud kulum ja allahindlused.,Accumulated depreciation and discounts on intangible fixed assets.,,,,,,,,,,,,,,,2024-01-01,,,
111031,1,2,1,Immateriaalne põhivara - Lõpetamata projektid,Intangible Assets - Under Construction,,"Immateriaalse vara soetamisega seotud väljaminekud, mis pole veel varana arvele võetud.",Expenditure related to acquisition of intangible assets not yet registered as assets.,,,,,,,,,,,,,,,2024-01-01,,,
111041,1,2,1,Immateriaalne põhivara - Ettemaksed,Intangible Assets - Prepayments,,Tasutud ettemaksed immateriaalse põhivara eest.,Advances paid for intangible assets.,,,,,,,,,,,,,,,2024-01-01,,,
2,,1,0,Kohustised,Liabilities,,,,,,,,,,,,,,,,,,2024-01-01,,,
212010,2,2,1,Võlad - Tarnijad (Lühiajaline),Liabilities - Trade Payables (Short-term),,"Võlad tarnijatele, mille maksetähtaeg on järgneva 12 kuu jooksul.",Liabilities to suppliers with a maturity of 12 months.,,,,,,,,,,,,,,,2024-01-01,,,
212020,2,2,1,Võlad - Töövõtjad - palgavõlg (Lühiajaline),Liabilities - Employee Payables (Short-term),,Töötajatele arvestatud kuid välja maksmata töötasud.,Remuneration calculated but not paid to employees.,,,,,,,,,,,,,,,2024-01-01,,,
212030,2,2,1,Võlad - Töövõtjad - puhkusereserv (Lühiajaline),Liabilities - Employee Vacation Reserve (Short-term),,"Tekkepõhiselt arvestatud puhkusetasud koos maksudega, mis tasutakse järgmisel aastal.",Accrual-based vacation reserve with taxes to be paid in the following year.,,,,,,,,,,,,,,,2024-01-01,,,
212040,2,2,1,Võlad - Töövõtjad - Muu arvestatud tasud koos maksudega (Lühiajaline),Liabilities - Employee Other (Short-term),,"Muud tekkepõhised tasud töötajatele koos maksudega, mis makstakse välja järgmise 12 kuu jooksul.",Other accured employee expenses with taxes to be paid in the following year.,,,,,,,,,,,,,,,2024-01-01,,,
204010,2,2,1,Maksuvõlad - Ettevõtte tulumaks (Lühiajaline),Tax liabilities - Corporate income tax (Short-term),,Tasumisele kuuluv ettevõtte tulumaks.,Corporate income tax payable.,,,,,,,,,,,,,,,2024-01-01,,,
204020,2,2,1,Maksuvõlad - Käibemaks (Lühiajaline),Tax liabilities - Value added tax (Short-term),,Tasumisele kuuluv käibemaks.,Value added tax payable.,,,,,,,,,,,,,,,2024-01-01,,,
204030,2,2,1,Maksuvõlad - Üksikisiku tulumaks (Lühiajaline),Tax liabilities - Personal income tax (Short-term),,Tasumisele kuuluv üksikisiku tulumaks.,Individual income tax payable.,,,,,,,,,,,,,,,2024-01-01,,,
204040,2,2,1,Maksuvõlad - Erisoodustuse tulumaks (Lühiajaline),Tax liabilities - Fringe benefit income tax (Short-term),,Tasumisele kuuluv erisoodustuse tulumaks.,Income tax on fringe benefit payable.,,,,,,,,,,,,,,,2024-01-01,,,
204050,2,2,1,Maksuvõlad - Sotsiaalmaks (Lühiajaline),Tax liabilities - Social tax (Short-term),,Tasumisele kuuluv sotsiaalmaks.,Social tax payable.,,,,,,,,,,,,,,,2024-01-01,,,
204060,2,2,1,Maksuvõlad - Kohustuslik kogumispension (Lühiajaline),Tax liabilities - Contributions to mandatory funded pension (Short-term),,Tasumisele kuuluv kohustuslik kogumispension.,Mandatory funded pension payable.,,,,,,,,,,,,,,,2024-01-01,,,
204070,2,2,1,Maksuvõlad - Töötuskindlustusmaksed (Lühiajaline),Tax liabilities - Unemployment insurance tax (Short-term),,Tasumisele kuuluvad töötuskindlustusmaksed.,Unemployment insurance tax payable.,,,,,,,,,,,,,,,2024-01-01,,,
204080,2,2,1,Maksuvõlad - Maamaks (Lühiajaline),Tax liabilities - Land tax (Short-term),,Tasumisele kuuluv maamaks.,Land tax payable.,,,,,,,,,,,,,,,2024-01-01,,,
204090,2,2,1,Maksuvõlad - Aktsiisimaks (Lühiajaline),Tax liabilities - Excise duty tax (Short-term),,Tasumisele kuuluv aktsiisimaks.,Excise duty payable.,,,,,,,,,,,,,,,2024-01-01,,,
204100,2,2,1,Maksuvõlad - Intress (Lühiajaline),Tax liabilities - Interest (Short-term),,Tasumisele kuuluvas maksuintressid.,Tax interest payable.,,,,,,,,,,,,,,,2024-01-01,,,
204990,2,2,1,Maksuvõlad - Muud (Lühiajaline),Tax liabilities - Other (Short-term),,Tasumisele kuuluvad muud maksud.,Others taxes payable.,,,,,,,,,,,,,,,2024-01-01,,,
212050,2,2,1,Võlad - Arvelduskrediit,Liabilities - Overdraft,,Kasutatud arvelduskrediidi ja kontsernikonto krediidi saldo.,Balance of overdraft and used group account credit.,,,,,,,,,,,,,,,2024-01-01,,,
212060,2,2,1,Võlad - Laenud (Lühiajaline),Liabilities - Loans (Short-term),,"Laenumaksed, mis tuleb tasuda järgmise 12 kuu jooksul.",Loan payments due in the next 12 months.,,,,,,,,,,,,,,,2024-01-01,,,
212070,2,2,1,Võlad - Kapitalirent (Lühiajaline),Liabilities - Financial Lease (Short-term),,"Kapitalirendi maksed, mis tuleb tasuda järgmise 12 kuu jooksul.",Financial lease payments due in the next 12 months.,,,,,,,,,,,,,,,2024-01-01,,,
212080,2,2,1,Võlad - Võlakirjad (Lühiajaline),Liabilities - Bonds (Short-term),,"Võlakirjad, mis tuleb lunastada järgmise 12 kuu jooksul.",Bonds to be redeemed within the next 12 months.,,,,,,,,,,,,,,,2024-01-01,,,
212090,2,2,1,Võlad - Intressid (Lühiajaline),Liabilities - Interest (Short-term),,"Intressivõlad, mis tuleb tasuda järgmise 12 kuu jooksul.",Interest debts to be paid in the next 12 months.,,,,,,,,,,,,,,,2024-01-01,,,
212100,2,2,1,Võlad - Dividendid (Lühiajaline),Liabilities - Dividend (Short-term),,"Välja kuulutatud dividendid, mis tasutakse järgmise 12 kuu jooksul.",Declared dividends to be paid in the next 12 months.,,,,,,,,,,,,,,,2024-01-01,,,
212990,2,2,1,Võlad - Muud (Lühiajaline),Liabilities - Other (Short-term),,"Muud lühiajalised võlad, mida ei kajastata eelnevatel kirjetel.",Other short-term debts not included in previous items.,,,,,,,,,,,,,,,2024-01-01,,,
205010,2,2,1,Saadud Ettemaksed - Tulevaste perioodide tulud (Lühiajaline),Prepayments - Deferred income (Short-term),,"Ostjatelt laekunud ettemaksed, mis kajastatakse tuluna järgmise 12 kuu jooksul.","Advances received from buyers, recognised as income in the next 12 months.",,,,,,,,,,,,,,,2024-01-01,,,
205990,2,2,1,Saadud Ettemaksed - Muud (Lühiajaline),Prepayments - Other (Short-term),,"Muud laekunud ettemaksed, mille tõenäoliselt tagastatakse järgmise 12 kuu jooksul.","Other prepayments received, which are likely to be returned within the next 12 months.",,,,,,,,,,,,,,,2024-01-01,,,
213010,2,2,1,Eraldised - Garantiieraldis (Lühiajaline),Provisions - Warranty Provision (Short-term),,"Eraldis, mis on loodud müüdud toodete ja osutatud teenuste garantiinõuete katmiseks järgmise 12 kuu jooksul.",Allocation to cover the guarantee claims for the products and services sold over the next 12 months,,,,,,,,,,,,,,,2024-01-01,,,
213020,2,2,1,Eraldised - Maksueraldis (Lühiajaline),Provisions - Tax Provision (Short-term),,"Eraldis, mis on loodud võimaliku maksuriski katteks.",Allocation to cover potential tax risks.,,,,,,,,,,,,,,,2024-01-01,,,
213990,2,2,1,Eraldised - Muud (Lühiajaline),Provisions - Other (Short-term),,"Muud kulueraldised, mille suurus ei ole täpselt teada.",Other expenditure allocations whose size is not known.,,,,,,,,,,,,,,,2024-01-01,,,
214010,2,2,1,Sihtfinantseerimise ettemaksed - Tegevuskulud (Lühiajaline),Government Grants Prepayments - Operating expenses (Short-term),,"Saadud sihtfinantseerimine, mis ei vasta veel tuluna kajastamise kriteeriumitele ja mille tingimuste täitmist on eeldada 12 kuu jooksul.",Received grants which do not yet meet the criteria for recognition as income and the conditions of which are expected to be met within 12 months.,,,,,,,,,,,,,,,2024-01-01,,,
212011,2,2,1,Võlad - Tarnijad (Pikaajaline),Liabilities - Trade Payables (Long-term),,"Tarnijatele tasumata võlad, mis tuleb tasuda hiljem kui 12 kuud aruandekuupäevast.",Unpaid debts to suppliers to be paid later than 12 months from the reporting date.,,,,,,,,,,,,,,,2024-01-01,,,
212021,2,2,1,Võlad - Töövõtjad (Pikaajaline),Liabilities - Employee Payables (Long-term),,"Töötajatele arvestatud tasud, mis tuleb välja maksta hiljem kui 12 kuud aruandekuupäevast.",Remuneration calculated for employees to be paid later than 12 months from the reporting date.,,,,,,,,,,,,,,,2024-01-01,,,
204991,2,2,1,Maksuvõlad - Muud (Pikaajaline),Tax liabilities - Other (Long-term),,"Maksukohustised, mis tuleb tasuda hiljem kui 12 kuud aruandekuupäevast.",Tax liabilities due later than 12 months from the reporting date.,,,,,,,,,,,,,,,2024-01-01,,,
212061,2,2,1,Võlad - Laenud (Pikaajaline),Liabilities - Loans (Long-term),,"Laenumaksed, mis tuleb tasuda hiljem kui 12 kuud aruandekuupäevast.",Loan payments due later than 12 months from the reporting date.,,,,,,,,,,,,,,,2024-01-01,,,
212071,2,2,1,Võlad - Kapitalirent (Pikaajaline),Liabilities - Financial Lease (Long-term),,"Kapitalirendi maksed, mis tuleb tasuda hiljem kui 12 kuud aruandekuupäevast.",Financial lease payments due later than 12 months from the reporting date.,,,,,,,,,,,,,,,2024-01-01,,,
212081,2,2,1,Võlad - Võlakirjad (Pikaajaline),Liabilities - Bonds (Long-term),,"Võlakirjad, mis tuleb tasuda hiljem kui 12 kuud aruandekuupäevast.",Bonds due later than 12 months from the reporting date.,,,,,,,,,,,,,,,2024-01-01,,,
212991,2,2,1,Võlad - Muud (Pikaajaline),Liabilities - Other (Long-term),,"Muud kohustised, mis tuleb tasuda hiljem kui 12 kuud aruandekuupäevast.",Other liabilities due later than 12 months from the reporting date.,,,,,,,,,,,,,,,2024-01-01,,,
205011,2,2,1,Saadud Ettemaksed - Tulevaste perioodide tulud (Pikaajaline),Prepayments - Deferred income (Long-term),,"Ostjatelt laekunud ettemaksed, mis kantakse tuluks hiljem kui 12 kuu jooksul aruandekuupäevast.","Advances received from buyers, which are transferred to revenue later than 12 months from the reporting date.",,,,,,,,,,,,,,,2024-01-01,,,
205991,2,2,1,Saadud Ettemaksed - Muud (Pikaajaline),Prepayments - Other (Long-term),,"Muud laekunud ettemaksed, mis tuleb tasuda hiljem kui 12 kuu jooksul aruandekuupäevast.","Other prepayments received, due later than 12 months from the reporting date.",,,,,,,,,,,,,,,2024-01-01,,,
213011,2,2,1,Eraldised - Garantiieraldis (Pikaajaline),Provisions - Warranty Provision (Long-term),,"Eraldis, mis on moodustatud müüdud toodete ja osutatud teenuste garantiinõuete katmiseks ning mis realiseeruvad tõenäoliselt hiljem kui 12 kuu jooksul aruandekuupäevast.",Allocation set up to cover the guarantee claims for the products and services sold and likely to materialise later than 12 months from the reporting date.,,,,,,,,,,,,,,,2024-01-01,,,
213021,2,2,1,Eraldised - Maksueraldis (Pikaajaline),Provisions - Tax Provision (Long-term),,"Maksukohustised, mille realiseerumise aeg ja summa pole kindlad ning realiseeruvad tõenäoliselt hiljem kui 12 kuu jooksul aruandekuupäevast.",Tax liabilities whose time and amount of realisation are uncertain and are likely to materialise later than 12 months from the reporting date.,,,,,,,,,,,,,,,2024-01-01,,,
213991,2,2,1,Eraldised - Muud (Pikaajaline),Provisions - Other (Long-term),,"Kohustised, mille realiseerumise aeg ja summa pole kindlad ning realiseeruvad tõenäoliselt hiljem kui 12 kuu jooksul aruandekuupäevast.",Liabilities whose time and amount of realisation are uncertain and are likely to materialise later than 12 months from the reporting date.,,,,,,,,,,,,,,,2024-01-01,,,
214021,2,2,1,Sihtfinantseerimise ettemaksed - Põhivara (Pikaajaline),Government Grants Prepayments - Grants related to assets (Long-term),,"Saadud sihtfinantseerimine, mis ei vasta veel tuluna kajastamise kriteeriumitele ja mille tingimuste täitmist on oodata hiljem kui 12 kuu jooksul.",Received grants which do not yet meet the criteria for recognition as income and the conditions of which can be expected to be met later than within 12 months.,,,,,,,,,,,,,,,2024-01-01,,,
214031,2,2,1,Sihtfinantseerimise ettemaksed - Sihtfinantseerimise amortisatsioon (Pikaajaline),Government Grants Prepayments - Grant amortisation related to assets (Long-term),,Tuluks kantud põhivara sihtfinantseerimine.,Grant amortisation related to fixed assets.,,,,,,,,,,,,,,,2024-01-01,,,
3,,1,0,Omakapital,Equity,,,,,,,,,,,,,,,,,,2024-01-01,,,
315011,3,2,1,Omakapital - Registreeritud,Share Capital - Issued Capital,,Registreeritud aktsia- ja osakapital.,Registered share capital.,,,,,,,,,,,,,,,2024-01-01,,,
315021,3,2,1,Omakapital - Registreerimata,Share Capital - Unregistered Capital,,Registreerimata sisse makstud aktsia- ja osakapital.,Unregistered paid-up share capital.,,,,,,,,,,,,,,,2024-01-01,,,
315031,3,2,1,Omakapital - Sisse maksmata,Share Capital - Unpaid Capital,,Sisse maksmata osakapital.,Unpaid share capital.,,,,,,,,,,,,,,,2024-01-01,,,
315041,3,2,1,Omakapital - Ülekurss,Share Capital - Share Premium,,Aktsiate ja osade soetamisel tasutud ülekurss. Ülekurss – emiteeritud aktsiate ja osade väljalaskehinna ja nimiväärtuse vahe.,Premium paid in acquisition of shares. Share premiume - the difference between the issue price and the nominal value of the shares issued.,,,,,,,,,,,,,,,2024-01-01,,,
315051,3,2,1,Omakapital - Omaosad/-aktsiad,Share Capital - Treasury Shares,,Ühingu poolt omandatud oma osad või aktsiad.,Own shares acquired by the entity.,,,,,,,,,,,,,,,2024-01-01,,,
315991,3,2,1,Omakapital - Muud,Share Capital - Other,,Muu omakapital.,Other equity.,,,,,,,,,,,,,,,2024-01-01,,,
316011,3,2,1,Reservid - Kohustuslik reservkapital,Reserves - Statutory Reserve Capital,,Kohustuslik reservkapital.,Statutory reserve capital.,,,,,,,,,,,,,,,2024-01-01,,,
316991,3,2,1,Reservid - Muud,Reserves - Other,,Muud omakapitali koosseis moodustatud reservid.,Other reserves formed by the composition of equity.,,,,,,,,,,,,,,,2024-01-01,,,
317011,3,2,1,Kasum/kahjum - Akumuleerunud,Earning And Loss - Retained Earnings or Loss,,Akumuleerunud kasum/kahjum.,Accumulated profit/loss.,,,,,,,,,,,,,,,2024-01-01,,,
317021,3,2,1,Kasum/kahjum - Aruandeperiood,Earning And Loss - Annual Period Profit or Loss,,Aruandeperioodikasum/kahjum.,Profit/loss for the reporting period.,,,,,,,,,,,,,,,2024-01-01,,,
4,,1,0,Tulud,Revenues,,,,,,,,,,,,,,,,,,2024-01-01,,,
418012,4,2,1,Müügitulu - Tulu ettevõtlusest,Revenue - Business income,,"Aruandeperioodil toodete, kaupade ja teenuste müügist saadud tulu. Sisaldab nii põhi-kui ka kõrvaltegevustest saadavaid tulusid.","Sales of products, goods and services during the reporting period. Includes income from both main and secondary activities.",,,,,,,,,,,,,,,2024-01-01,,,Jah
418022,4,2,1,Müügitulu - Liikmemaksud,Revenue - Membership fees,,Laekunud liikmemaksud.,Membership fees received.,,,,,,,,,,,,,,,2024-01-01,,,
418032,4,2,1,Müügitulu - Sisseastumistasud ,Revenue - Entrance fees,,Laekunud liikmeks astumise tasud.,Membership fees received.,,,,,,,,,,,,,,,2024-01-01,,,
418042,4,2,1,Müügitulu - Hooldustasud ,Revenue - Maintenance fees,,Hooldustasud korteriühistus.,Maintenance fees in apartment association.,,,,,,,,,,,,,,,2024-01-01,,,
418052,4,2,1,Müügitulu - Remonditasud ,Revenue - Repair fees,,Remonditasud korteriühistus.,Repair fees in apartment association.,,,,,,,,,,,,,,,2024-01-01,,,
418992,4,2,1,Müügitulu - Muud,Revenue - Other,,"Muud müügitulud, mis ei kajastu müügitulu eelnevatel kirjetel.",Other revenue not included in previous items of revenue.,,,,,,,,,,,,,,,2024-01-01,,,
5,,1,0,Kulud,Expenses,,,,,,,,,,,,,,,,,,2024-01-01,,,
520012,5,2,1,Kulud - Tooraine ja materjal põhitegevuseks,Expenses - Raw materials and consumables used,,"Tootmises kasutatud tooraine, põhi- ja abimaterjalid, ostetud tooted ja pooltooted, tarindid ja detailid, varuosad, instrumendid ja muud vahendid.","Raw materials used in production, basic and auxiliary materials, purchased products and semi-finished products, structures and parts, spare parts, instruments and other tools.",,,,,,,,,,,,,,,2024-01-01,,,
520022,5,2,1,Kulud - Varude allahindlus ja mahakandmine,Expenses - Inventory write-off,,Varude ja muu käibevara allahindlus ning mahakandmine.,Discount and write-off of stocks and other current assets.,,,,,,,,,,,,,,,2024-01-01,,,
520032,5,2,1,"Kulud - Müügi eesmärgil ostetud kaubad (sh toore, materjal)",Expenses - Goods purchased for resale,,"Edasimüügiks ostetud ja ilma lisatöötlemiseta edasimüüdud kaup, samuti müüdud tooraine ja materjalivarud.","Goods purchased for resale and resold without further processing, as well as the raw materials and material stocks sold.",,,,,,,,,,,,,,,2024-01-01,,,
520042,5,2,1,Kulud - Müügi eesmärgil ostetud kinnisvara,Expenses - Investment property purchased for resale,,"Edasimüügiks ostetud ja edasimüüdud kinnisvara on elamud, korterid, mitteeluruumid ning maa.","Real estate purchased and resold for resale is residential buildings, apartments, non-residential premises and land.",,,,,,,,,,,,,,,2024-01-01,,,
520052,5,2,1,Kulud - Müügi eesmärgil ostetud teenused,Expenses - Services purchased for resale,,"Edasimüügiks ostetud ja ilma lisatöötluseta edasimüüdud teenused on elekter, soojusenergia, vesi, pakettreisid jms.","Services purchased for resale and resold without further processing are electricity, thermal energy, water, package tours, etc.",,,,,,,,,,,,,,,2024-01-01,,,
520062,5,2,1,Kulud - Loteriivõitude väljamaksed,Expenses - Payouts of lottery winnings,,Loteriide korraldjate väljamaksed loteriidel osalejatele,Payments by lottery organizers to lottery participants,,,,,,,,,,,,,,,2024-01-01,,,
520102,5,2,1,Kulud - Elektrienergia ,Expenses - Electricity,,Aruandeperioodil ostetud ja ühingus oma tarbeks kasutatud elektrienergia maksumus soetushinnas. Siia EI KUULU edasimüümiseks ja tooraine või materjalina kasutamiseks ostetud elektrienergia.,The cost of electricity purchased during the reporting period and consumed by the company for its own use at the acquisition price. Electricity purchased for resale and use as raw material or material is NOT included here.,,,,,,,,,,,,,,,2024-01-01,,,
520112,5,2,1,Kulud - Soojusenergia ,Expenses - Heat energy,,Aruandeperioodil ostetud ja ühingus oma tarbeks kasutatud mis tahes liiki soojusenergia maksumus soetushinnas. Siia EI KUULU edasimüümiseks ja tooraine või materjalina kasutamiseks ostetud energia.,The cost of any type of thermal energy purchased during the reporting period and consumed by the company for its own use at the acquisition price. Energy purchased for resale and use as raw material or material is NOT included here.,,,,,,,,,,,,,,,2024-01-01,,,
520122,5,2,1,Kulud - Kütus ,Expenses - Fuel,,"Aruandeperioodil ühingus oma tarbeks, sh soojuse tootmiseks kasutatud mis tahes liiki kütuse (k.a autokütus) maksumus soetushinnas. Siia EI KUULU edasimüümiseks ja tooraine või materjalina kasutamiseks ostetud kütus.","The cost at the acquisition price of any type of fuel (including automotive fuel) used by the company for its own use, including heat production, during the reporting period. Fuel purchased for resale and use as raw material or material is NOT included here.",,,,,,,,,,,,,,,2024-01-01,,,
520132,5,2,1,Kulud - Veevarustusteenused ,Expenses - Water supply services,,Ühingus oma tarbeks kasutatud veevarustusteenuste kulud (vee- ja heitvee eest tasud). Siia ei kuulu maksed edasimüügiks ostetud ja tootmisprotsessis toorainena kasutatava vee eest.,Costs of the water supply services used by the association for its own use (water and waste water fees). Payments for water purchased for resale and used as raw material in the production process are excluded.,,,,,,,,,,,,,,,2024-01-01,,,
520202,5,2,1,Kulud - Alltöövõtutööd - ehitus hoonetes,Expenses - Subcontracting work -construction (buildings),,Maksed alltöövõtu korras tehtud ehitustööde eest (uus ehitis ning ka remondi- ja rekonstrueerimistööd) hoonetes nii Eestis kui ka välismaal. Siia kuulub ka alltöövõtu korras seadmete paigaldamine hoonetesse.,Payments for subcontracted works (new construction work as well as repair and reconstruction works) in buildings both in Estonia and abroad. This also includes the installation of subcontracted equipment in buildings.,,,,,,,,,,,,,,,2024-01-01,,,
520212,5,2,1,Kulud - Alltöövõtutööd - ehitusel (va hoonetes),Expenses - Subcontracting work -construction other(building excl),,Maksed alltöövõtu korras tehtud ehitustööde eest (v.a. hoonetes) nii Eestis kui ka välismaal.,Payments for works subcontracted (except for: in buildings) both in Estonia and abroad.,,,,,,,,,,,,,,,2024-01-01,,,
520222,5,2,1,Kulud - Alltöövõtutööd - tööstustoodangu allhange,Expenses - Subcontracting work - production,,Lepingujärgsed maksed alltöövõtu korras valmistatud tööstustoodangu eest alltöövõtjatele.,Contractual payments for subcontracted industrial production to subcontractors.,,,,,,,,,,,,,,,2024-01-01,,,
520292,5,2,1,Kulud - Alltöövõtutööd  - Muud,Expenses - Subcontracting work - Other,,"Alltöövõtu korras ostetud teenused jms, mida ei vahendata.","Services purchased by subcontracting, etc. not for resale.",,,,,,,,,,,,,,,2024-01-01,,,
520302,5,2,1,Kulud - Transpordikulud ,Expenses - Transportation expense,,Kulutused enda ja renditavate transpordivahenditega (v.a. kütus).,Expenditure on own and rented transport (excluding: fuel).,,,,,,,,,,,,,,,2024-01-01,,,
520312,5,2,1,Kulud - Logistikakulud ,Expenses - Logistics expense,,"Logistikateenustega seotud kulud (laoteenus, kaupade transport jne).","Costs related to logistics services (storage service, transport of goods, etc.).",,,,,,,,,,,,,,,2024-01-01,,,
520322,5,2,1,Kulud - Maarent ,Expenses - Rental of land,,Üür ja renditasud maa kasutamise eest (sh kinnistute tasud).,Rental and rental fees for land use (including property fees).,,,,,,,,,,,,,,,2024-01-01,,,
520332,5,2,1,"Kulud - Kinnistute, hoonete ja ruumide rent",Expenses - Rental of property,,"Üür ja rendikulud – tasu, mida rentnik maksab üürile/rendile võetud hoonete ja ruumide eest.",Rental and rental costs - the fee paid for the rental/rented buildings and premises.,,,,,,,,,,,,,,,2024-01-01,,,
520342,5,2,1,Kulud - Transpordivahendite rent,Expenses - Rental of transportation,,Sõidukite jms transpordivahendite rentimisel tasutud tasud.,Charges paid when renting vehicles and similar means of transport.,,,,,,,,,,,,,,,2024-01-01,,,
520382,5,2,1,Kulud - Tööjõurent ,Expenses - Labor supply expense,,"Maksed tööjõuvarustusettevõtetele ja teistele sellesarnastele organisatsioonidele nende arvel olevate töötajate eest. Tööjõuvarustusettevõtted varustavad teisi ettevõtteid peamiselt ajutise tööjõuga, kusjuures tööjõu palkab ja neile maksab palka tööjõuvarustusettevõte. Tööjõuvarustusettevõtte tegevus EI OLE personaliotsing, - valik, kutsesobivuse määramine, vaid just tööjõuga varustamine.","Payments to labour supply companies and similar organisations for the personnel on their account. Labour supply companies supply other companies mainly with temporary labour, while labour is hired and paid by the labour supply company. The activities of a labour supply company are NOT personnel search, selection, determination of professional suitability, but rather the supply of labour.",,,,,,,,,,,,,,,2024-01-01,,,
520392,5,2,1,Kulud - Muu vara rent,Expenses - Rental of other assets,,Muu vara ja inventari rentimise eest tasutud tasud.,Fees paid for the rental of other assets.,,,,,,,,,,,,,,,2024-01-01,,,
520402,5,2,1,Kulud - Varade hooldus ja remont,Expenses - Assets maintenance and repair,,"Varade hooldus ja remondikulud teenusena, sh varuosade kulud, mis on teenusega koos ostetud.","Maintenance and repair costs, including spare parts costs.",,,,,,,,,,,,,,,2024-01-01,,,
520412,5,2,1,Kulud - Tööriistad ja väheväärtuslikud varad,Expenses - Tools and assets with low value,,Kuluks kantud tööriistad ja muud väheväärtuslikud varad.,Tools and other low-value assets included.,,,,,,,,,,,,,,,2024-01-01,,,
520422,5,2,1,Kulud - Turunduse ja reklaami kulud,Expenses - Marketing and advertising costs,,Kulutused turundusele ja reklaamile.,Marketing and advertising expenditure.,,,,,,,,,,,,,,,2024-01-01,,,
520432,5,2,1,Kulud - Uurimis- ja arengukulud,Expenses - Exploration and development expense,,"Uurimis- ja arenguväljaminekud (va oma töötajate palgakulu), mis on teenusena sisse ostetud.",Research and development expenditure (excluding wage costs of own employees) purchased as a service.,,,,,,,,,,,,,,,2024-01-01,,,
520492,5,2,1,Kulud - Ostetud muud teenused (oma tarbeks),Expenses - Others purchased services (for own use),,"Muud ostetud teenused va. Alltöövõtt. Nt raamatupidamise ja audiitorkontrolli teenustasud, kindlustusmaksed, personali värbamise, ettevalmistamise ja täiendusõppe kulud, kaubamärkide ja frantsiiside tasud, intellektuaalomandi jms toodete (v.a autoriõigusega kaitstud tööd) kasutusõiguse litsentsimise teenused, panga teenustasud (välja arvatud intressikulud), tuletõrje- ja valvekulud, konsultatsioonikulud, side-, posti- ja telekommunikatsioonikulud jne.","Other purchased services except subcontracting. E.g. accounting and audit fees, insurance premiums, personnel recruitment, preparation and in-service training costs, trademark and franchise fees, licensing services for intellectual property and similar products (excluding copyright-protected work), bank fees (excluding interest costs), firefighting and security costs, consultancy costs, communications, postal and telecommunications costs, etc.",,,,,,,,,,,,,,,2024-01-01,,,
520512,5,2,1,Kulud - Mitmesugused bürookulud,Expenses - Miscellaneous office expenses,,Bürooga seotud kulumaterjalid ja kontoritarbed.,Office related consumables and office supplies.,,,,,,,,,,,,,,,2024-01-01,,,
520552,5,2,1,Kulud - Lähetuskulud ,Expenses - Travel expenses,,"Lähetusega seotud väljaminekud sh piletid, majutus, päevarahad jms.","Expenses related to travelling including tickets, accommodation, daily allowances, etc.",,,,,,,,,,,,,,,2024-01-01,,,
520562,5,2,1,Kulud - Koolituskulud ,Expenses - Training expenses,,Töötajate koolitusega seotud väljaminekud.,Expenditure related to staff training.,,,,,,,,,,,,,,,2024-01-01,,,
520572,5,2,1,Kulud - Töö- ja eririiete kulu,Expenses - Cost of work and special clothing,,"Töö ja eririietuse kulud, sh isikukaitsevahendid.","Costs of work and special clothing, including personal protective equipment.",,,,,,,,,,,,,,,2024-01-01,,,
520582,5,2,1,Kulud - Kutsehaiguste puhul kohtus välja nõutud summad,Expenses - Amounts claimed in court in case of occupational diseases,,,,,,,,,,,,,,,,,,2024-01-01,,,
520612,5,2,1,Kulud - Vooditarvikute kulu,Expenses - Cost of bed accessories,,Vooditarvikute kulu tervishoiu valdkonnas.,Cost of bedding in the field of health care.,,,,,,,,,,,,,,,2024-01-01,,,
520702,5,2,1,Kulud - Riiklikud ja kohalikud maksud,Expenses - State and local taxes,,Kohalikud maksud ja riigimaksud (va tööjõuga seotud maksud).,Local taxes and state taxes (excluding labour taxes).,,,,,,,,,,,,,,,2024-01-01,,,
520712,5,2,1,Kulud - Riigilõiv,Expenses - State fee,,Tasumisele kuuluv riigilõiv.,State fee to be paid.,,,,,,,,,,,,,,,2024-01-01,,,
520802,5,2,1,Kulud - Kulud eraldiste moodustamiseks,Expenses - Provisions,,Kulu seoses eraldiste muutusega.,Expenditure related to change in allocations.,,,,,,,,,,,,,,,2024-01-01,,,
520812,5,2,1,Kulud - Kulu ebatõenäoliselt laekuvatest nõuetest ,Expenses - Doubtful debts,,Ebatõenäoliseks hinnatud ostjate nõuete kulu.,Costs related with doubtful debts.,,,,,,,,,,,,,,,2024-01-01,,,
520822,5,2,1,Kulud - Jagatud annetused ja toetused,Expenses - Donations and grants,,Annetuste ja toetuste kulu.,Cost of donations and grants.,,,,,,,,,,,,,,,2024-01-01,,,
520992,5,2,1,Kulud - Muud ,Expenses - Other,,"Kululiigid, mis ei ole või mille eristamine ei ole oluline eelnimetatud kulukirjetel.",Categories of expenditure which are not or the distinction between which is not relevant for the abovementioned expenditure items.,,,,,,,,,,,,,,,2024-01-01,,,
521012,5,2,1,Tööjõukulud - Palgakulu,Employee Expense - Wage and salary expense,,"Aruandeperioodi eest arvestatud palgad, preemiad ja puhkusetasud, hüvitised","Salaries, bonuses and holiday pay calculated for the reporting period.",,,,,,,,,,,,,,,2024-01-01,,Jah,
521022,5,2,1,Tööjõukulud - Sotsiaalmaks ja tööandja töötuskindlustusmakse,Employee Expense - Social security taxes,,Töövõtjatele tasutavatelt tasudelt arvestatud maksud.,Taxes calculated on remuneration paid to employees.,,,,,,,,,,,,,,,2024-01-01,,Jah,
521032,5,2,1,Tööjõukulud - Pensionikulu ,Employee Expense - Pension expense,,,,,,,,,,,,,,,,,,2024-01-01,,,
521102,5,2,1,Tööjõukulud - Erisoodustused,Employee Expense - Fringe benefits,,Erisoodustused ilma erisoodustuse maksudeta.,Special benefits without fringe benefit taxes.,,,,,,,,,,,,,,,2024-01-01,,,
521112,5,2,1,Tööjõukulud - Erisoodustuse maksud,Employee Expense - Fringe benefits taxes,,"Erisoodustuste maksud (tulumaks, sotsiaalmaks jne).","Taxes on special benefits (income tax, social tax, etc.).",,,,,,,,,,,,,,,2024-01-01,,,
521992,5,2,1,Tööjõukulud - Muud,Employee Expense - Other,,"Muud töötajatega seotud kulud, v.a erisoodustused ja erisoodustuse maksud.","Other expenses related to employees, except special discounts and fringe benefit taxes.",,,,,,,,,,,,,,,2024-01-01,,,
522012,5,2,1,Kulum - Kulum ja väärtuse langus,Depreciation - Depreciation And Impairment Loss Reversal,,Materiaalsetelt ja immateriaalsetelt põhivaradelt ning kinnisvarainvesteeringutelt arvestatud amortisatsioonikulu ja väärtuse langusest (allahindlustest ja/või mahakandmistest) tekkinud kulu.,Cost of depreciation and impairment (discounts and/or write-downs) on tangible and intangible fixed assets and real estate investments.,,,,,,,,,,,,,,,2024-01-01,,,
6,,1,0,Muud tulud ja kulud,Other Income and expenses,,,,,,,,,,,,,,,,,,2024-01-01,,,
619012,6,2,1,Muud tulud - Põhivara sihtfinantseerimine,Other Income - Grants related to assets,,Põhivaraga seotud toetuste tulud.,Grant incomes related with fixed assets.,,,,,,,,,,,,,,,2024-01-01,,,
619022,6,2,1,Muud tulud - Tegevuskulude sihtfinantseerimine,Other Income - Grants related to income,,Tegevuskuludega seotud toetuste tulud.,Grant incomes related with activity costs.,,,,,,,,,,,,,,,2024-01-01,,,
619032,6,2,1,Muud tulud - Annetused,Other Income - Donations,,Aruandeperioodil laekunud annetused.,Donations received during the reporting period.,,,,,,,,,,,,,,,2024-01-01,,,
619042,6,2,1,Muud tulud - Rendi- ja üüritulu,Other Income - Lease income,,"Üür ja renditulu – tulu üürile või rendile antud varade kasutamise eest, kui see ei ole kajastatud müügituluna.","Rental and rental income - income from the use of assets leased or leased, if this is not recognised as revenue from sales.",,,,,,,,,,,,,,,2024-01-01,,,
619052,6,2,1,Muud tulud - Litsentsitasud ,Other Income - Licence fees,,"Litsentsitasud – tulu müüdud litsentsidest, kui see ei ole kajastatud müügituluna.","Licence fees - income from licences sold, if not recognised as revenue from sales.",,,,,,,,,,,,,,,2024-01-01,,,
619062,6,2,1,Muud tulud - Valmis- ja lõpetamata toodangu varude jääkide muutus,Other Income - Changes in inventories of finished goods and work in progress,,"Valmis- ja lõpetamata toodangu varude jääkide muutus, kusjuures jääkide vähenemist näidatakse kuluna ning jääkide suurenemist kulude vähendusena (“negatiivse kuluna”).","Change in stocks of finished and unfinished products, with a decrease in residues as a cost and an increase in residues as a reduction in costs (""negative cost"").",,,,,,,,,,,,,,,2024-01-01,,,
619072,6,2,1,Muud tulud - Põllumajandusliku toodangu varude jääkide muutus,Other Income - Changes in inventories of biological assets,,"Põllumajandusliku toodangu varude jääkide muutus, kusjuures jääkide vähenemist näidatakse kuluna ja jääkide suurenemist kulude vähendusena.","Change in stocks of agricultural production, showing a decrease in residues as a cost and an increase in residues as a reduction in costs.",,,,,,,,,,,,,,,2024-01-01,,,
619082,6,2,1,Muud tulud - Kapitaliseeritud väljaminekud oma tarbeks põhivarade valmistamisel,Other Income - Work performed by entity and capitalised,,"Materjalid ja teenused, tööjõukulud, mida on kasutatud põhivarade valmistamiseks ning mis on kajastatud mõnel teisel kasumiaruande kirjel kuluna, kajastatakse sellel kirjel kulude vähendusena (“negatiivse kuluna”).","Materials and services, labour costs used for the production of fixed assets and recognised as a cost under another profit and loss account item are recognised under this item as a cost reduction (""negative cost"").",,,,,,,,,,,,,,,2024-01-01,,,
619992,6,2,1,Muud tulud - Muud,Other Income - Other,,,,,,,,,,,,,,,,,,2024-01-01,,,
623012,6,2,1,Äritulu ja kulu - Kinnisvarainvesteeringute müük (Kasum/kahjum),Other Expense or Income - Investment property,,Kasum ja kahjum kinnisvarainvesteeringute müügist.,Profit and loss on sales of investment property.,,,,,,,,,,,,,,,2024-01-01,,,
623022,6,2,1,Äritulu ja kulu - Materiaalse ja immateriaalse põhivarade müük (Kasum/kahjum),Other Expense or Income - Sales of fixed assets,,Kasum ja kahjum materiaalse ja immateriaalse põhivara müügist.,Profit and loss on the sale of tangible and intangible assets.,,,,,,,,,,,,,,,2024-01-01,,,
623032,6,2,1,Äritulu ja kulu - Kasum ja kahjum varade õiglase väärtuse muutusest - Kinnisvarainvesteeringud ja bioloogilised varad,Other Expense or Income - Gains and losses from changes of value,,Bioloogiliste varade esmasest õiglases väärtuses arvele võtmisest ja hilisemast õiglase väärtuse muutusest tulenevad kasumid ja kahjumid. Samuti kinnisvarainvesteeringute väärtuse muutustest.,"Gains and losses arising from initial fair value recording of biological assets and subsequent changes in fair value. Also, changes in the value of real estate investments.",,,,,,,,,,,,,,,2024-01-01,,,
623042,6,2,1,Äritulu ja kulu - Valuutakursi muutused seoses äritegevusega(Kasum/kahjum),Other Expense or Income - Exchange rate differences from business activities,,"Valuutakursi muutused, mis tulenevad nõuetest ostjate vastu ja võlgadest tarnijatele (äritegevusega seotud nõuded ja kohustused). Finantseerimis- ja investeerimistegevusega seotud kursimuutuste tulud ja kulud kajastatakse finantstulude ja kulude grupis.",Changes in foreign exchange rates due to receivables from purchasers and debts to suppliers (business receivables and liabilities). Revenues and expenses of exchange rate changes related to financing and investment activities are recorded in the financial income and expenses group.,,,,,,,,,,,,,,,2024-01-01,,,
623052,6,2,1,"Äritulu ja kulu - Trahvid, viivised ja hüvitised","Other Expense or Income - Penalties, fines and compensations",,"Makstud trahvid, viivised ja kompensatsioonid.","Fines, late interest and compensation paid.",,,,,,,,,,,,,,,2024-01-01,,,
623062,6,2,1,Äritulu ja kulu - Liikmemaksud,Other Expense or Income - Membership fees,,Liikmemaksu kulu.,Cost of membership fee.,,,,,,,,,,,,,,,2024-01-01,,,
623992,6,2,1,Äritulu ja kulu - Muud,Other Expense or Income - Other,,Muud põhitegevusega mitteseotud kulud.,Other expenditure not related to the main activity.,,,,,,,,,,,,,,,2024-01-01,,,
624012,6,2,1,Finantstulud ja kulud - Tütarettevõtjad,Financial Expense and Income - From Subsidiaries,,Kapitaliosaluse meetodil või õiglase väärtuse meetodil investeeringutelt tütarettevõtjatesse arvestatud kasum/kahjum. Soetusmaksumuse meetodi korral dividenditulu ja allahindlused ning kasum/kahjum tütarettevõtjate müügist.,"Profit/loss on investments in subsidiaries according to the equity method or fair value method. In the acquisition cost method, dividend income and discounts and profit/loss from the sale of subsidiaries.",,,,,,,,,,,,,,,2024-01-01,,,
624022,6,2,1,Finantstulud ja kulud - Sidusettevõtjad,Financial Expense and Income - From Associates,,"Kapitaliosaluse meetodil või õiglase väärtuse meetodil investeeringutelt sidusettevõtjatesse arvestatud kasum/kahjum, soetusmaksumuse meetodi korral dividenditulu ja allahindlused ning kasum/kahjum sidusettevõtjate müügist.","Profit/loss on investments in affiliated undertakings under the equity method or the fair value method, dividend income and discounts under the acquisition cost method, and profit/loss on the sale of affiliated undertaking.",,,,,,,,,,,,,,,2024-01-01,,,
624032,6,2,1,Finantstulud ja kulud - Muud investeeringud,Financial Expense and Income - Other Financial Investments,,Kasum ja kahjum muudelt investeeringutelt.,Profit and loss on other investments.,,,,,,,,,,,,,,,2024-01-01,,,
624042,6,2,1,Finantstulud ja kulud - Intressitulu,Financial Expense and Income - Interest Income,,Intressitulu antud laenudelt.,Interest income on loans granted.,,,,,,,,,,,,,,,2024-01-01,,,
624052,6,2,1,Finantstulud ja kulud - Intressikulu - kasutusrent,Financial Expense and Income - Interest Expenses Operating Lease,,"Kasutusrendi intressikulu, kui on oluline.","Interest expense of operating lease, if material.",,,,,,,,,,,,,,,2024-01-01,,,
624062,6,2,1,Finantstulud ja kulud - Intressikulu (laenud ja kapitalirent),Financial Expense and Income - Interest Expenses,,"Intressikulud seoses finantseerimisega (nt laenud, kapitalirent, võlakirjad jne).","Interest expenses related to financing (e.g. loans, financial leasing, bonds, etc.).",,,,,,,,,,,,,,,2024-01-01,,,
624992,6,2,1,Finantstulud ja kulud - Muud,Financial Expense and Income - Other,,"Muud finantskulud, sealhulgas vahetuskursi muutused seoses laenude ja investeeringutega.","Other financial costs, including exchange rate changes related to loans and investments.",,,,,,,,,,,,,,,2024-01-01,,,
625012,6,2,1,Ettevõtte tulumaks,Income Tax Expense,,Dividendide tulumaksu kulu (kajastatakse dividendide väljakuulutamise hetkel) ning välismaal asuvatest tütarettevõtjatest tulenev tasumisele kuuluva tulumaksu kulu või tulu ja edasilükkunud tulumaksu kulu või tulu.,Dividend income tax expense (recognised at the time when the dividends are announced) and payable income tax expense or income arising from subsidiaries located abroad and deferred tax expense or income.,,,,,,,,,,,,,,,2024-01-01,,,
626012,6,2,1,Koondkasum - Realiseerimata kursivahed,Comprehensive Income - Unrealised exchange rate differences,,Välismaise äritegevuse finantsnäitajate ümberarvestamisel tema arvestusvaluutast esitusvaluutasse tekkinud vahed.,Differences in the conversion of financial indicators of foreign business from its currency of calculation to its currency of presentation.,,,,,,,,,,,,,,,2024-01-01,,,
626992,6,2,1,Koondkasum - Muud,Comprehensive Income - Others,,Rahavoogude riskimaandamisinstrumentide ümberhindlusel tekkinud kasumite ja kahjumite efektiivne osa jne.,"Effective portion of gains and losses arising from the revaluation of cash flow hedging instruments, etc.",,,,,,,,,,,,,,,2024-01-01,,,
