No.,Level,Property type,Identifier,Class,Property term,Representation term,Associated class,Mult.,Definition,ISO 21378 Module,ISO 21378 Table,Value Domain
167,1,Class,,Activities,,,,,"A class capturing a record of system user actions within an auditee's system, which includes instances of entry, approval, last modification, and posting of data or transactions.",General,,
168,2,Composition,,Activities,Approved,,Activity,0..1,"Occurs at a specific date and time when a system user confirms the status of a data entry, indicating that it has been reviewed, validated, and authorized for further processing or inclusion in the financial records.",General,,
169,2,Composition,,Activities,Created,,Activity,0..1,"The initial action where a system user inputs new data into the accounting system at a specific date and time, generating a record representing a financial transaction or relevant account information. It involves the validation, approval, and official recording of the data entry, affirming its accuracy and completeness.",General,,
170,2,Composition,,Activities,Last Modified,,Activity,0..1,"Refers to the most recent action taken to alter or update a data entry within the accounting system. It indicates the date and time of the last modification made to the entry, reflecting the latest revision or adjustment.",General,,
171,2,Composition,,Activities,Posted,,Activity,0..1,"Involves the validation, approval, and official recording of a data entry within the accounting system by a system user at a specific date and time, affirming its accuracy and completeness.",General,,
172,1,Class,,Activity,,,,,A class that records specific actions or tasks completed or in progress.,General,,
173,2,Attribute,,Activity,Date,Date,,0..1,"The date marks when an activity occurred, ideally recorded automatically by the system.",General,,DATE
174,2,Attribute,,Activity,Time,Time,,0..1,The specified time at which an activity occurs.,General,,TIME
175,2,Reference Association,,Activity,,,User,0..1,"A class containing information on system users, essential for managing access, security, and auditing system interactions.",General,,
176,1,Class,,Address,,,,,A class that specifies the location details of an individual or entity.,General,,
177,2,Attribute,,Address,Street Address1,Name,,0..1,The primary line of the street address.,General,,Name Medium
178,2,Attribute,,Address,Street Address2,Name,,0..1,"The secondary line of the street address, if applicable.",General,,Name Medium
179,2,Attribute,,Address,City Name,Name,,0..1,The municipal designation within an address.,General,,CITY NAME
180,2,Attribute,,Address,State Province Code,Code,,0..1,The code for the state or province of the address as specified by ISO 3166-2.,General,,STATE PROVINCE CODE
181,2,Attribute,,Address,Postal Code,Code,,0..1,The code that identifies a specific geographic delivery area for an address.,General,,POSTAL CODE
182,2,Attribute,,Address,Country Code,Code,,0..1,"The official code representing the country of an address, as standardized by ISO 3166-1.",General,,COUNTRY CODE
183,1,Class,,Amount,,,,,A class that specifies a value of money in a given currency.,General,,
184,2,Attribute,,Amount,Value,Decimal,,0..1,The numerical value representing a sum of money.,General,,AMOUNT
185,2,Reference Association,,Amount,,,Currency,0..1,A class holds information about different currencies.,General,,
186,1,Class,,Amounts,,,,,"A class that keeps track of money values in different currencies, including the main, report, local, and transaction currencies for clear financial understanding and analysis in various regions and economies.",General,,
187,2,Composition,,Amounts,Functional,,Amount,0..1,The monetary amount recorded in the functional currency. Primarily used for accounting purposes.,General,,
188,2,Composition,,Amounts,Local,,Amount,0..1,The monetary amount expressed in the currency of the country where the transaction took place.,General,,
189,2,Composition,,Amounts,Reporting,,Amount,0..1,"The amount used in financial reporting, recorded in the reporting currency.",General,,
190,2,Composition,,Amounts,Transaction,,Amount,0..1,The monetary amount documented in business transaction records.,General,,
202,1,Class,,Bill,,,,,"A class of document that is officially cited within another record or transaction, serving as verification or supporting detail for financial or operational activities.",General,,
203,2,Attribute,,Bill,ID,Identifier,,0..1,The unique identifier for the referenced document.,General,,Identifier Long
204,2,Attribute,,Bill,Date,Date,,0..1,The date associated with a business transaction.,General,,DATE
205,2,Reference Association,,Bill,,,Bill Type,0..1,"A class describes the category of a bill such as bank draft or check, often used in business transactions as evidence of debt or payment instruments.",General,,
206,1,Class,,Bill Type,,,,,"A class describes the category of a bill such as bank draft or check, often used in business transactions as evidence of debt or payment instruments.",Base,26,
207,2,Attribute,PK,Bill Type,Code,Identifier,,1..1,The unique code that classifies the type of bill.,Base,26,Identifier Medium
208,2,Attribute,,Bill Type,Name,Name,,0..1,The classification or designation of a bill reflecting its nature.,Base,26,Name Short
209,2,Attribute,,Bill Type,Active Indicator,Indicator,,0..1,The flag indicating if a bill type is currently recognized and valid for use.,Base,26,Indicator
210,1,Class,,Business Segment,,,,,A class signifies the structural units depicted within an organizational chart. It serves to illustrate relationships with business partners and conveys various business contexts.,Base,4,
211,2,Attribute,PK,Business Segment,Code,Identifier,,1..1,The unique code identifying a specific business segment.,Base,4,Identifier Short
212,2,Attribute,,Business Segment,Name,Name,,0..1,The designated label for a distinct area of a company's operations.,Base,4,Name Medium
213,2,Attribute,PK,Business Segment,Segment Reference Level,Char,,1..1,"The hierarchical level of a business segment within the organization, with lower numbers indicating higher levels.",Base,4,Char Short
214,2,Attribute,,Business Segment,Organization Type Name,Name,,0..1,"The designation of the type of organizational unit, such as a department or cost center.",Base,4,Name Short
215,1,Class,,Business Segment Hierarchy,,,,,"A class organizes and links the structure and relationships of business units, allowing transaction integration from lower to higher levels.",Base,6,
216,2,Reference Association,PK,Business Segment Hierarchy,Child,,Business Segment,1..1,The business segment instance that is designated as a subordinate in a business segment hierarchy structure.,Base,6,
217,2,Reference Association,PK,Business Segment Hierarchy,Parent,,Business Segment,1..1,The business segment instance that is designated as a superior in a business segment hierarchy structure.,Base,6,
218,1,Class,,Contact,,,,,A class that details the communication information for an individual or entity.,General,,
219,2,Attribute,,Contact,Name,Name,,0..1,The full name of an individual or entity that is a point of contact.,General,,Name Medium
220,2,Attribute,,Contact,Phone,Char,,0..1,The telephone number associated with a contact.,General,,PHONE NUMBER
221,2,Attribute,,Contact,Email,Char,,0..1,The electronic mail address associated with a contact.,General,,EMAIL
222,1,Abstract Class,,Contract,,,,,An abstract class that encapsulates the terms and agreements between parties.,General,,
223,2,Attribute,PK,Contract,ID,Identifier,,1..1,The unique identifier for a contract.,General,,Identifier Medium
224,2,Attribute,,Contract,Number,Char,,0..1,"The number for a contract, facilitating its recognition and retrieval within a system.",General,,Char Long
225,2,Attribute,,Contract,Type Name,Name,,0..1,The classification title given to a contract that specifies its nature and terms within the context of sales and purchase activities.,General,,Name Medium
226,2,Attribute,,Contract,Beginning Date,Date,,0..1,The date on which the terms of a contract become effective.,General,,DATE
227,2,Attribute,,Contract,Ending Date,Date,,0..1,The date on which the terms of a contract conclude or expire.,General,,DATE
228,2,Attribute,,Contract,Status,Code,,0..1,The current state of the contract's lifecycle.,General,,STATUS CODE
229,2,Attribute,,Contract,Remark,Text,,0..1,Annotations or supplemental information for a contract.,General,,Text Medium
230,2,Composition,,Contract,,,Activities,0..1,"A class capturing a record of system user actions within an auditee's system, which includes instances of entry, approval, last modification, and posting of data or transactions.",General,,
231,2,Reference Association,,Contract,,,Business Segment,0..*,A class signifies the structural units depicted within an organizational chart. It serves to illustrate relationships with business partners and conveys various business contexts.,General,,
232,2,Reference Association,,Contract,Transaction,,Currency,0..1,The currency in which the financial transaction for contracts denominated.,General,,
233,2,Reference Association,,Contract,,,Payment Term,0..1,"A class details conditions related to sales or purchase agreements, including payment instruments, credit periods, and discount terms.",General,,
234,2,Reference Association,,Contract,,,Settlement Method,0..1,"A class describing various methodologies adopted by the business to settle transactions, which can range from cash payments to bank transfers.",General,,
235,1,Abstract Class,,Contract Line,,,,,An abstract class that details individual terms or items within a contract.,General,,
236,2,Attribute,PK,Contract Line,ID,Identifier,,1..1,The unique identifier for a line item within a contract.,General,,Identifier Medium
237,2,Attribute,,Contract Line,Number,Char,,0..1,"The number for a specific line within a contract, enabling distinction and reference.",General,,Char Short
238,2,Attribute,,Contract Line,Due Date,Date,,0..1,The final date by which delivery of products or materials is requested.,General,,DATE
239,2,Attribute,,Contract Line,Status,Code,,0..1,The current state of the contract line item's lifecycle.,General,,STATUS CODE
240,2,Composition,,Contract Line,Tax Exclude,,Amount,0..1,"The monetary amount of a contract line item without tax, recorded in the transaction currency.",General,,
241,2,Composition,,Contract Line,Tax Exclude Unit Price,,Amount,0..1,"The price per unit of a contract line item with tax included, recorded in the transaction currency.",General,,
242,2,Composition,,Contract Line,Tax Include,,Amount,0..1,"The monetary amount of a contract line item including tax, recorded in the transaction currency.",General,,
243,2,Composition,,Contract Line,Tax Include Unit Price,,Amount,0..1,Unit price (including tax) in transaction currency.,General,,
244,2,Composition,,Contract Line,,,Quantity,0..1,The quantity of items detailed in a contract line item.,General,,
245,2,Composition,,Contract Line,,,Tax,0..*,"A class maintaining records of tax implications and obligations, essential for legal compliance and financial planning.",General,,
246,2,Reference Association,,Contract Line,Settlement Organization,,Business Segment,0..1,A class signifies the structural units depicted within an organizational chart. It serves to illustrate relationships with business partners and conveys various business contexts.,General,,
247,2,Reference Association,,Contract Line,,,Business Segment,0..*,A class signifies the structural units depicted within an organizational chart. It serves to illustrate relationships with business partners and conveys various business contexts.,General,,
248,2,Reference Association,,Contract Line,,,Inventory Product,0..1,The inventory product specified in a contract line item.,General,,
249,1,Class,,Currency,,,,,A class holds information about different currencies.,Base,30,
250,2,Attribute,PK,Currency,Code,Identifier,,1..1,The official name of the currency utilized in the accounting and/or ERP system.,Base,30,CURRENCY CODE
251,2,Attribute,,Currency,Name,Name,,0..1,The official name of the currency utilized in the accounting and/or ERP system.,Base,30,Name Short
252,2,Attribute,,Currency,Minor Unit,Integer,,0..1,The subdivision of a currency unit that indicates the decimal relationship to the main currency unit as defined by ISO 4217.,Base,30,UNIT
253,2,Attribute,,Currency,Active Indicator,Indicator,,0..1,The flag indicating if a currency code is currently accepted for financial transactions.,Base,30,Indicator
254,1,Class,,Customer,,,,,A class holds basic and broad details about customers.,Base,14,
255,2,Attribute,PK,Customer,Account ID,Identifier,,1..1,The unique identifier for a customer account.,Base,14,Identifier Long
256,2,Attribute,,Customer,Account Number,Char,,0..1,The number for a customer's account.,Base,14,Char Long
257,2,Attribute,,Customer,Account Name,Name,,0..1,The legal or registered name of the customer.,Base,14,Name Long
258,2,Attribute,,Customer,Abbreviation,Name,,0..1,The abbreviated representation of a customer's full name used for simplified referencing in a system.,Base,14,Name Medium
259,2,Attribute,,Customer,TIN,Char,,0..1,The tax identification number assigned to the customer by a tax authority.,Base,14,TAX IDENTIFICATION NUMBER
260,2,Attribute,,Customer,Inactive Date,Date,,0..1,"The date marking the change of a customer's status to inactive due to factors such as credit limit exceedance, legal constraints, contract cessation, or bankruptcy.",Base,14,DATE
261,2,Attribute,,Customer,Terms Discount Percentage,Decimal,,0..1,"Discount percentage the customer can take if an invoice is paid before a certain number of days.
",Base,14,Percent
262,2,Attribute,,Customer,Terms Discount Days,Integer,,0..1,"The percentage of discount offered by a supplier when payment is made within the specified discount days.
",Base,14,INTEGER
263,2,Attribute,,Customer,Terms Due Days,Integer,,0..1,The standard time period in days before a customer's payment is considered overdue.,Base,14,INTEGER
264,2,Composition,,Customer,,,Activities,0..1,"A class capturing a record of system user actions within an auditee's system, which includes instances of entry, approval, last modification, and posting of data or transactions.",Base,14,
265,2,Composition,,Customer,Billing,,Address,0..1,"The address to which billing statements and invoices are sent for a customer, typically used for payment processing and correspondence.",Base,14,
266,2,Composition,,Customer,Physical,,Address,0..1,"The actual geographic location of a customer, including street name, number, city, and postal code, where the customer is physically located",Base,14,
267,2,Composition,,Customer,Total Credit Limit,,Amount,0..1,"The maximum monetary amount of credit available to a customer, as defined by the lending institution.",Base,14,
268,2,Composition,,Customer,Transaction Credit Limit,,Amount,0..1,"The maximum monetary amount a customer is authorized to borrow for a single transaction, as set by the credit provider.",Base,14,
269,2,Composition,,Customer,Primary,,Contact,0..1,"The main point of contact for a customer, typically responsible for communication and decision-making regarding business transactions.",Base,14,
270,2,Reference Association,,Customer,,,Customer Type,0..1,A class contains detailed descriptions of customer categories.,Base,14,
271,2,Reference Association,,Customer,Corresponding,,Supplier,0..1,The supplier associated with or equivalent to a specific customer in business transactions.,Base,14,
272,1,Class,,Customer Hierarchy,,,,,A class defines the relationships between individual customers.,Base,14,
273,2,Reference Association,PK,Customer Hierarchy,Child,,Customer,1..1,The customer instance that is designated as a subordinate in a customer hierarchy structure.,Base,14,
274,2,Reference Association,PK,Customer Hierarchy,Parent,,Customer,1..1,The customer instance that is designated as a superior in a customer hierarchy structure.,Base,14,
275,1,Class,,Customer Type,,,,,A class contains detailed descriptions of customer categories.,Base,12,
276,2,Attribute,PK,Customer Type,ID,Identifier,,1..1,The unique identifier for the type of customer.,Base,12,Identifier Medium
277,2,Attribute,,Customer Type,Code,Code,,0..1,The identifier that categorizes the type of customer within an organizational system.,Base,12,CUSTOMER TYPE CODE
278,2,Attribute,,Customer Type,Name,Name,,0..1,The designation for the category of customers based on their attributes.,Base,12,Name Medium
279,1,Class,,Customer Type Hierarchy,,,,,A class outlines the levels and relationships among different types of customers.,Base,12,
280,2,Reference Association,PK,Customer Type Hierarchy,Child,,Customer Type,1..1,The classification of customer that falls under a subordinate level within a customer type hierarchy.,Base,12,
281,2,Reference Association,PK,Customer Type Hierarchy,Parent,,Customer Type,1..1,The classification of customer that holds a superior level within a customer type hierarchy.,Base,12,
318,1,Class,,General Ledger Journal Entry,,,,,"A set of introductory fields in the General Ledger that provides the context for ledger entries, including identifiers like numbers, dates, and descriptive information.",General Ledger,52,
319,2,Attribute,PK,General Ledger Journal Entry,ID,Identifier,,1..1,The unique identifier for a journal entry.,General Ledger,52,Identifier Long
320,2,Attribute,,General Ledger Journal Entry,Number,Char,,0..1,The number for each journal entry in a financial recording system.,General Ledger,52,Char Long
321,2,Attribute,,General Ledger Journal Entry,Effective Date,Date,,0..1,"The date that officially recognizes the journal entry within an entity's financial accounting records, irrespective of the actual entry creation or receipt date.",General Ledger,52,DATE
322,2,Attribute,,General Ledger Journal Entry,Description,Text,,0..1,The text that characterizes the overall journal entry.,General Ledger,52,Text Medium
323,2,Composition,,General Ledger Journal Entry,,,Activities,0..1,"A class capturing a record of system user actions within an auditee's system, which includes instances of entry, approval, last modification, and posting of data or transactions.",General Ledger,52,
324,2,Composition,,General Ledger Journal Entry,,,General Ledger Journal Entry Line,0..*,"A class represents a single entry within the General Ledger, containing detailed information about a specific financial transaction or account activity.",General Ledger,52,
325,2,Reference Association,,General Ledger Journal Entry,,,Accounting Period,0..1,"A specific duration within a fiscal year, delineated by its beginning and ending dates. It serves as the timeframe during which business transactions and entries are accumulated and organized into financial statements and reports.",General Ledger,52,
326,2,Reference Association,,General Ledger Journal Entry,,,General Ledger Source,0..1,A class holds supplementary details about sources cited in the General Ledger. It documents the originating ERP system or accounting package and details the associated business processes represented by the data.,General Ledger,52,
327,2,Reference Association,,General Ledger Journal Entry,,,Journal Entry Type,0..1,"A class contains information for classifying entries in the General Ledger, clarifying the nature and purpose of each entry.",General Ledger,52,
328,1,Class,,General Ledger Journal Entry Line,,,,,"A class represents a single entry within the General Ledger, containing detailed information about a specific financial transaction or account activity.",General Ledger,52,
329,2,Attribute,PK,General Ledger Journal Entry Line,Journal ID,Identifier,,1..1,"Unique identifier for each journal entry line.
",General Ledger,52,Identifier Long
330,2,Attribute,,General Ledger Journal Entry Line,Number,Identifier,,0..1,The number for a line within a journal entry.,General Ledger,52,Identifier Long
331,2,Attribute,,General Ledger Journal Entry Line,Description,Text,,0..1,The text that characterizes a line within a journal entry.,General Ledger,52,Text Medium
332,2,Attribute,,General Ledger Journal Entry Line,Debit or Credit Code,Code,,0..1,"A code that classifies a transaction as either increasing assets and expenses, denoted  by 'D' for debit, or increasing liabilities, equity, and revenues, denoted by 'C' for credit.",General Ledger,52,DEBIT CREDIT CODE
333,2,Attribute,,General Ledger Journal Entry Line,Reversal Indicator,Code,,0..1,A code that indicates if a general ledger entry line is a reversal or is to be reversed.,General Ledger,52,REVERSAL INDICATOR CODE
334,2,Attribute,,General Ledger Journal Entry Line,Reversal Journal ID,Char,,0..1,The Journal ID of the journal entry line that corresponds to the original entry line being reversed if the Reversal Indicator is set.,General Ledger,52,Char Long
335,2,Attribute,,General Ledger Journal Entry Line,Cancellation Indicator,Indicator,,0..1,"Signifies whether a journal entry line, already formed but not yet posted, has been cancelled or not.",General Ledger,52,Indicator
336,2,Composition,,General Ledger Journal Entry Line,,,Account Segment,0..*,"A class furnishes supplementary information for specific Ledger Accounts, enhancing the management of related data in an efficient manner.",General Ledger,52,
337,2,Composition,,General Ledger Journal Entry Line,Unit Price,,Amount,0..1,"The monetary amount refers to the price per unit of inventory or property, plant, and equipment (PPE).",General Ledger,52,
338,2,Composition,,General Ledger Journal Entry Line,,,Amounts,0..1,The multi-currency monetary amounts represents the monetary values of ledger accounts.,General Ledger,52,
339,2,Composition,,General Ledger Journal Entry Line,,,Bill,0..1,The initial source document associated with this journal entry.,General Ledger,52,
340,2,Composition,,General Ledger Journal Entry Line,,,Quantity,0..1,A class represents the number of items referenced in the journal entry line. It is particularly relevant for inventories or fixed assets.,General Ledger,52,
341,2,Reference Association,,General Ledger Journal Entry Line,Account Segment,,Bank Account,0..1,Refers to a specific segment within the accounting system that contains information related to bank accounts.,General Ledger,52,
342,2,Reference Association,,General Ledger Journal Entry Line,,,Business Segment,0..*,A class signifies the structural units depicted within an organizational chart. It serves to illustrate relationships with business partners and conveys various business contexts.,General Ledger,52,
343,2,Reference Association,,General Ledger Journal Entry Line,Account Segment,,Employee,0..1,Refers to a specific segment within the accounting system that contains information related to employee.,General Ledger,52,
344,2,Reference Association,,General Ledger Journal Entry Line,,,Ledger Account,0..1,"The Ledger Account records essential details of General Ledger accounts such as their names, descriptions, types, and hierarchical positioning.",General Ledger,52,
345,2,Reference Association,,General Ledger Journal Entry Line,Account Segment,,Project,0..1,Refers to a specific segment within the accounting system that contains information related to project,General Ledger,52,
346,2,Reference Association,,General Ledger Journal Entry Line,,,Settlement Method,0..1,"A class describing various methodologies adopted by the business to settle transactions, which can range from cash payments to bank transfers.",General Ledger,52,
347,1,Class,,General Ledger Period Balance,,,,,"A class that includes the cumulative total and balance of all accounts within an accounting period. It calculates and presents the starting and ending balances, amounts over the period, and quantities of assets or resources, ensuring a comprehensive reflection of financial status and changes in the General Ledger.",General Ledger,58,
348,2,Attribute,,General Ledger Period Balance,Beginning Balance Indicator,Code,,0..1,The designation that identifies whether the starting balance of an account is a debit or a credit.,General Ledger,58,DEBIT CREDIT CODE
349,2,Attribute,,General Ledger Period Balance,Ending Balance Indicator,Code,,0..1,The marker that specifies the nature of the account balance at the end of an accounting period as either a debit or a credit.,General Ledger,58,DEBIT CREDIT CODE
350,2,Composition,,General Ledger Period Balance,,,Account Segment,0..*,"A class furnishes supplementary information for specific Ledger Accounts, enhancing the management of related data in an efficient manner.",General Ledger,58,
351,2,Composition,,General Ledger Period Balance,Beginning Balance,,Amounts,0..1,The multi-currency monetary amounts represents the monetary values of ledger accounts at the start of a specified accounting period.,General Ledger,58,
352,2,Composition,,General Ledger Period Balance,Credit,,Amounts,0..1,"The multi-currency monetary amounts represents the total amount credited to an account during a specific accounting period. It reflects the cumulative sum of credit transactions recorded within the General Ledger, providing insight into the financial activity and changes within the specified period.",General Ledger,58,
353,2,Composition,,General Ledger Period Balance,Debit,,Amounts,0..1,"The multi-currency monetary amounts represents the total amount debited to an account during a specific accounting period. It reflects the cumulative sum of debit transactions recorded within the General Ledger, providing insight into the financial activity and changes within the specified period.",General Ledger,58,
354,2,Composition,,General Ledger Period Balance,Ending Balance,,Amounts,0..1,The multi-currency monetary amounts represents the monetary values of ledger accounts at the end of a specified accounting period,General Ledger,58,
355,2,Composition,,General Ledger Period Balance,Beginning,,Quantity,0..1,"The initial amount of items in the inventory or the Property, Plant, and Equipment (PPE) account at the start of a period.",General Ledger,58,
356,2,Composition,,General Ledger Period Balance,Credit,,Quantity,0..1,"Denotes the quantity of inventory or Property, Plant, and Equipment (PPE) credited during a specific accounting period. It represents the cumulative total of quantities associated with credit transactions recorded within the General Ledger, offering insights into the inventory or PPE movements over the specified period.",General Ledger,58,
357,2,Composition,,General Ledger Period Balance,Debit,,Quantity,0..1,"Denotes the quantity of inventory or Property, Plant, and Equipment (PPE) debited during a specific accounting period. It represents the cumulative total of quantities associated with debit transactions recorded within the General Ledger, offering insights into the inventory or PPE movements over the specified period.",General Ledger,58,
358,2,Composition,,General Ledger Period Balance,Ending,,Quantity,0..1,"The final amount of items in the inventory or the Property, Plant, and Equipment (PPE) account at the end of a period.",General Ledger,58,
359,2,Reference Association,PK,General Ledger Period Balance,,,Accounting Period,1..1,"A specific duration within a fiscal year, delineated by its beginning and ending dates. It serves as the timeframe during which business transactions and entries are accumulated and organized into financial statements and reports.",General Ledger,58,
360,2,Reference Association,,General Ledger Period Balance,Account Segment,,Bank Account,0..1,Refers to a specific segment within the accounting system that contains information related to bank accounts.,General Ledger,58,
361,2,Reference Association,,General Ledger Period Balance,,,Business Segment,0..*,A class signifies the structural units depicted within an organizational chart. It serves to illustrate relationships with business partners and conveys various business contexts.,General Ledger,58,
362,2,Reference Association,,General Ledger Period Balance,Account Segment,,Employee,0..1,Refers to a specific segment within the accounting system that contains information related to employee.,General Ledger,58,
363,2,Reference Association,PK,General Ledger Period Balance,,,Ledger Account,1..1,"records essential details of General Ledger accounts such as their names, descriptions, types, and hierarchical positioning.",General Ledger,58,
364,2,Reference Association,,General Ledger Period Balance,,,Measurement Unit,0..1,Ecompasses information regarding the unit of measurement (UOM).,General Ledger,58,
365,2,Reference Association,,General Ledger Period Balance,Account Segment,,Project,0..1,Refers to a specific segment within the accounting system that contains information related to project.,General Ledger,58,
366,1,Class,,General Ledger Source,,,,,"A class details the origins of data in the General Ledger Journal Entry, including the ERP systems or accounting packages involved and the related business processes.",General Ledger,54,
367,2,Attribute,PK,General Ledger Source,Code,Identifier,,1..1,The unique code indicating the origin of a journal entry.,General Ledger,54,Identifier Short
368,2,Attribute,,General Ledger Source,Description,Text,,0..1,The explanation of the source system for the general ledger.,General Ledger,54,Text Medium
369,2,Attribute,,General Ledger Source,ERP Subledger Module,Char,,0..1,"The specific subledger or ERP module source of a journal entry, reflecting the origin within the accounting system or process.",General Ledger,54,Char Long
370,2,Attribute,,General Ledger Source,System Manual Code,Code,,0..1,A code that denotes whether a journal entry was created automatically by the system or by input manually.,General Ledger,54,SYSTEM MANUAL CODE
371,2,Attribute,,General Ledger Source,Business Process Major,Char,,0..1,The main category of business activities as recorded in the general ledger.,General Ledger,54,Char Long
372,2,Attribute,,General Ledger Source,Business Process Minor,Char,,0..1,The specific activities or sub-categories within a broader business process context.,General Ledger,54,Char Long
373,1,Class,,General Ledger Trial Balance,,,,,"A class contains ledger account balances within the accounting system, presenting ending balances at a specific point in time to ensure consistency with the General Ledger entries.",General Ledger,50,
374,2,Attribute,,General Ledger Trial Balance,Balance As Of Date,Date,,0..1,The date specifying the point until which the general ledger trial balance is accurate and inclusive of all account transactions.,General Ledger,50,DATE
375,2,Composition,,General Ledger Trial Balance,Beginning Balance,,Amounts,0..1,The multi-currency monetary amounts represents the monetary values of ledger accounts at the start of a specified accounting period.,General Ledger,50,
376,2,Composition,,General Ledger Trial Balance,Ending Balance,,Amounts,0..1,The multi-currency monetary amounts represents the monetary values of ledger accounts at the end of a specified accounting period.,General Ledger,50,
377,2,Reference Association,PK,General Ledger Trial Balance,,,Accounting Period,1..1,"A specific duration within a fiscal year, delineated by its beginning and ending dates. It serves as the timeframe during which business transactions and entries are accumulated and organized into financial statements and reports.",General Ledger,50,
378,2,Reference Association,,General Ledger Trial Balance,,,Business Segment,0..*,A class signifies the structural units depicted within an organizational chart. It serves to illustrate relationships with business partners and conveys various business contexts.,General Ledger,50,
379,2,Reference Association,PK,General Ledger Trial Balance,,,Ledger Account,1..1,The unique identifier for a ledger account within the general ledger trial balance.,General Ledger,50,
458,1,Class,,Inventory Product,,,,,A class that describes an inventory item with all its essential attributes and tracking details.,Inventory,125,
459,2,Attribute,PK,Inventory Product,ID,Identifier,,1..1,The unique identifier for an inventory item.,Inventory,125,Identifier Medium
460,2,Attribute,,Inventory Product,Code,Char,,0..1,The exclusive code assigned to a product within an inventory system for tracking and internal management.,Inventory,125,Char Long
461,2,Attribute,,Inventory Product,Product Group1,Char,,0..1,The primary category or classification to which a product belongs.,Inventory,125,Char Short
462,2,Attribute,,Inventory Product,Product Group2,Char,,0..1,The secondary category or classification to which a product belongs.,Inventory,125,Char Short
463,2,Attribute,,Inventory Product,Inventory Bar Code,Char,,0..1,The barcode symbol assigned to a product for unique identification and tracking.,Inventory,125,Char Medium
464,2,Attribute,,Inventory Product,Default Costing Method,Char,,0..1,"The method an organization uses to compute and record the financial value of inventory items, important for precise cost of goods sold reporting and inventory valuation on financial statements.",Inventory,125,Char Medium
465,2,Attribute,,Inventory Product,Out Of Service Date,Date,,0..1,The date on which an inventory item is designated as no longer in service.,Inventory,125,DATE
466,2,Attribute,,Inventory Product,Out Of Service Indicator,Indicator,,0..1,The indicator that denotes whether an inventory item is out of service.,Inventory,125,Indicator
467,2,Attribute,,Inventory Product,Lot Number,Char,,0..1,The number for a batch of products for tracking and inventory management purposes.,Inventory,125,Char Medium
468,2,Attribute,,Inventory Product,Serial Number,Char,,0..1,"The number for an individual item within a group of products, used for tracking and inventory management.",Inventory,125,Char Medium
469,2,Reference Association,,Inventory Product,,,Business Segment,0..*,The class signifies the structural units depicted within an organizational chart. It serves to illustrate relationships with business partners and conveys various business contexts.,Inventory,125,
470,2,Reference Association,,Inventory Product,,,Inventory Product Type,0..1,The inventory product type classification.,Inventory,125,
471,2,Reference Association,,Inventory Product,Asset,,Ledger Account,0..1,The ledger account that tracks the value of inventory products classified as assets.,Inventory,125,
472,2,Reference Association,,Inventory Product,Cost,,Ledger Account,0..1,The ledger account that records the costs associated with inventory products.,Inventory,125,
473,2,Reference Association,,Inventory Product,Basic,,Measurement Unit,0..1,The class represents a n unit of measure for the quantity of an inventory product utilized in stock management.,Inventory,125,
474,2,Reference Association,,Inventory Product,Default Stocking,,Measurement Unit,0..1,The class represents a unit of measure typically used for stocking this inventory product.,Inventory,125,
475,2,Reference Association,,Inventory Product,Preferred,,Supplier,0..1,The class containing essential information about prefered supplier.,Inventory,125,
476,1,Class,,Inventory Product Type,,,,,A class that categorizes inventory items into types and organizes these types within a hierarchical structure.,Inventory,123,
477,2,Attribute,PK,Inventory Product Type,ID,Identifier,,1..1,"The unique identifier for the type of inventory product, reflecting hierarchy.",Inventory,123,Identifier Medium
478,2,Attribute,,Inventory Product Type,Code,Code,,0..1,The code that categorizes inventory items into distinct types based on their stage in the production cycle or function.,Inventory,123,INVENTORY PRODUCT TYPE CODE
479,2,Attribute,,Inventory Product Type,Name,Name,,0..1,The label that identifies the classification of inventory items based on their stage in the production cycle or their function.,Inventory,123,Name Medium
480,2,Attribute,,Inventory Product Type,Description,Text,,0..1,The text that details the attributes and categorization criteria of an inventory product type.,Inventory,123,Text Medium
481,2,Reference Association,,Inventory Product Type,,,Business Segment,0..*,The business segment associated with the specific inventory product type.,Inventory,123,
482,1,Class,,Inventory Product Type Hierarchy,,,,,A class outlines the structure and relationships of different product types.,Inventory,123,
483,2,Reference Association,PK,Inventory Product Type Hierarchy,Child,,Inventory Product Type,1..1,The specific category of product type that is classified at a subordinate level within a product type hierarchy.,Inventory,123,
484,2,Reference Association,PK,Inventory Product Type Hierarchy,Parent,,Inventory Product Type,1..1,The specific category of product type that is classified at a superior level within a product type hierarchy.,Inventory,123,
523,1,Abstract Class,,Invoice,,,,,An abstract class that summarizes the billing information for transactions.,General,,
524,2,Attribute,PK,Invoice,ID,Identifier,,1..1,The unique identifier for an invoice.,General,,Identifier Medium
525,2,Attribute,,Invoice,Number,Char,,0..1,The number for an invoice.,General,,Char Long
526,2,Attribute,,Invoice,Official Invoice Code,Char,,0..1,The identifier for an invoice that is assigned by tax authorities.,General,,Char Short
527,2,Attribute,,Invoice,Type Name,Name,,0..1,The descriptor that categorizes the nature of an invoice.,General,,Name Short
528,2,Attribute,,Invoice,Date,Date,,0..1,The official date recorded on an invoice which initiates the calculation period for payment due.,General,,DATE
529,2,Attribute,,Invoice,Due Date,Date,,0..1,The date by which payment for an invoice is required.,General,,DATE
530,2,Attribute,,Invoice,Terms Discount Percentage,Decimal,,0..1,The percentage of discount offered by a supplier when payment is made within the specified discount days.,General,,Percent
531,2,Attribute,,Invoice,Terms Discount Days,Integer,,0..1,The number of days from the invoice date that the customer is eligible for the discount if payment is made.,General,,INTEGER
532,2,Attribute,,Invoice,Terms Due Days,Integer,,0..1,The standard time period in days before a customer's payment is considered overdue.,General,,INTEGER
533,2,Attribute,,Invoice,Grouping Code,Char,,0..1,The code that aggregates related invoices for consolidated processing or organizational purposes within an ERP system.,General,,Char Long
534,2,Attribute,,Invoice,Status,Code,,0..1,The current state of the invoice's lifecycle.,General,,STATUS CODE
535,2,Attribute,,Invoice,Remark,Text,,0..1,Annotations or supplemental information for an invoice.,General,,Text Medium
536,2,Composition,,Invoice,,,Activities,0..1,"A class capturing a record of system user actions within an auditee's system, which includes instances of entry, approval, last modification, and posting of data or transactions.",General,,
537,2,Composition,,Invoice,Transaction,,Amount,0..1,"The total monetary amount of all items on an invoice, summing the transaction amounts of individual lines.",General,,
538,2,Composition,,Invoice,,,Tax,0..*,"The class maintaining records of tax implications and obligations, essential for legal compliance and financial planning.",General,,
539,2,Reference Association,,Invoice,,,Accounting Period,0..1,"A specific duration within a fiscal year, delineated by its beginning and ending dates. It serves as the timeframe during which business transactions and entries are accumulated and organized into financial statements and reports.",General,,
540,2,Reference Association,,Invoice,,,Business Segment,0..*,A class signifies the structural units depicted within an organizational chart. It serves to illustrate relationships with business partners and conveys various business contexts.,General,,
541,2,Reference Association,,Invoice,,,Payment Term,0..1,"A class details conditions related to sales or purchase agreements, including payment instruments, credit periods, and discount terms.",General,,
542,2,Reference Association,,Invoice,,,Settlement Method,0..1,"A class describing various methodologies adopted by the business to settle transactions, which can range from cash payments to bank transfers.",General,,
543,1,Abstract Class,,Invoice Line,,,,,An abstract class that details individual charges or items on an invoice.,General,,
544,2,Attribute,PK,Invoice Line,ID,Identifier,,1..1,The unique identifier for a line within an invoice.,General,,Identifier Medium
545,2,Attribute,,Invoice Line,Number,Char,,0..1,The number for a particular line of an invoice.,General,,Char Short
546,2,Attribute,,Invoice Line,Grouping Code,Char,,0..1,The code that consolidates related line items within an invoice for batch processing or organizational purposes within an ERP system.,General,,Char Long
547,2,Composition,,Invoice Line,Tax Exclude,,Amount,0..1,"The monetary amount of an invoice line item before tax inclusion, recorded in the transaction currency.",General,,
548,2,Composition,,Invoice Line,Tax Exclude Unit Price,,Amount,0..1,"The unit price of an invoice line item before tax, recorded in the transaction currency.",General,,
549,2,Composition,,Invoice Line,Tax Include,,Amount,0..1,"The monetary amount of an invoice line item with tax included, recorded in the transaction currency.",General,,
550,2,Composition,,Invoice Line,Tax Include Unit Price,,Amount,0..1,"The unit price for an invoice line item with tax, recorded in the transaction currency.",General,,
551,2,Composition,,Invoice Line,Transaction,,Amount,0..1,"The monetary amount of a single item within an invoice, representing the transaction amount for that specific line.",General,,
552,2,Composition,,Invoice Line,Basic UOM,,Quantity,0..1,The quantity of items on an invoice line as measured by the basic unit of measure.,General,,
553,2,Composition,,Invoice Line,Invoice,,Quantity,0..1,The quantity of items listed on an invoice line.,General,,
554,2,Composition,,Invoice Line,,,Tax,0..*,"A class maintaining records of tax implications and obligations, essential for legal compliance and financial planning.",General,,
555,2,Reference Association,,Invoice Line,,,Business Segment,0..*,A class signifies the structural units depicted within an organizational chart. It serves to illustrate relationships with business partners and conveys various business contexts.,General,,
556,2,Reference Association,,Invoice Line,,,Inventory Product,0..1,The inventory product detailed in an invoice line item.,General,,
557,2,Reference Association,,Invoice Line,Credit,,Ledger Account,0..1,The ledger account associated with credit transactions on invoice lines.,General,,
558,2,Reference Association,,Invoice Line,Debit,,Ledger Account,0..1,The ledger account associated with debit transactions on inThe ledger account that is part of a subsidiary grouping within an account hierarchy.voice lines.,General,,
559,1,Class,,Journal Entry Type,,,,,A class details the types of journal entries in the General Ledger such as cash receipts and cash disbursements.,Base,24,
560,2,Attribute,PK,Journal Entry Type,Code,Identifier,,1..1,The unique code specifying the type of journal entry.,Base,24,Identifier Medium
561,2,Attribute,,Journal Entry Type,Name,Name,,0..1,The label that identifies the category of a journal entry within the accounting system.,Base,24,Name Short
562,2,Attribute,,Journal Entry Type,Abbreviation,Char,,0..1,The shortened for the label that identifies the category of a journal entry within the accounting system.m representing the type of a journal entry.,Base,24,Char Short
563,2,Attribute,,Journal Entry Type,Active Indicator,Indicator,,0..1,The flag indicating if a journal entry type is currently valid for recording transactions.,Base,24,Indicator
564,1,Class,,Ledger Account,,,,,A class stores information about General Ledger accounts.,Base,20,
565,2,Attribute,PK,Ledger Account,Account Number,Identifier,,1..1,"The unique identifier assigned to a general ledger account, categorically coded to align with established accounting principles and the specific characteristics of the business.",Base,20,LEDGER ACCOUNT NUMBER
566,2,Attribute,,Ledger Account,Account Name,Name,,0..1,The official title assigned to a general ledger account that uniquely identifies it within an accounting framework.,Base,20,Name Medium
567,2,Attribute,,Ledger Account,Description,Text,,0..1,The descriptive label or text providing additional details about a general ledger account that corresponds to the General Ledger Account Number.,Base,20,Text Medium
568,2,Attribute,,Ledger Account,Financial Statement Caption,Char,,0..1,"The label utilized within financial statements to aggregate and present related financial account details, facilitating the organization and understanding of a company's financial data as reported in its financial statements.",Base,20,Char Long
569,2,Attribute,,Ledger Account,Account Type,Char,,0..1,The classification of an account reflecting its nature and purpose.,Base,20,ACCOUNT TYPE
570,2,Attribute,,Ledger Account,Account Subtype,Char,,0..1,The classification detailing a more specific categorization within an account type.,Base,20,ACCOUNT TYPE
571,2,Attribute,,Ledger Account,Account Hierarchy,Code,,0..1,The class representing the structured levels of account classification within an organization's accounting system.,Base,20,ACCOUNT HIERARCHY
572,2,Attribute,,Ledger Account,Balance Debit Or Credit Code,Code,,0..1,"The classification identifying the natural balance of an account, denoted by 'D' for a debit balance, or 'C' for a credit balance.",Base,20,DEBIT CREDIT CODE
573,2,Attribute,,Ledger Account,Active Indicator,Indicator,,0..1,The flag indicating if a general ledger account is currently open and being used for accounting.,Base,20,Indicator
574,2,Reference Association,,Ledger Account,,,Business Segment,0..*,A class signifies the structural units depicted within an organizational chart. It serves to illustrate relationships with business partners and conveys various business contexts.,Base,20,
575,1,Class,,Ledger Account Hierarchy,,,,,A class records the structural relationships between individual ledger accounts.,Base,20,
576,2,Reference Association,PK,Ledger Account Hierarchy,Child,,Ledger Account,1..1,The ledger account that is part of a subsidiary grouping within an account hierarchy.,Base,20,
577,2,Reference Association,PK,Ledger Account Hierarchy,Parent,,Ledger Account,1..1,The primary ledger account that heads a grouping within an account hierarchy.,Base,20,
578,1,Class,,Measurement Unit,,,,,A class documents the units of measure utilized across various business documents and accounting ledgers.,Base,32,
579,2,Attribute,PK,Measurement Unit,UOM Code,Identifier,,1..1,The unique code for the unit of measure used in transactions.,Base,32,MEASUREMENT UNIT CODE
580,2,Attribute,,Measurement Unit,UOM Name,Name,,0..1,The designation of the measurement unit used for quantifying materials or other entities.,Base,32,Name Medium
581,2,Attribute,,Measurement Unit,UOM Abbreviation,Char,,0..1,An abbreviation representing the name of a measurement unit.,Base,32,Char Short
582,2,Attribute,,Measurement Unit,Active Indicator,Indicator,,0..1,The flag indicating if a unit of measure is currently employed for tracking and transactions.,Base,32,Indicator
583,1,Abstract Class,,Order,,,,,An abstract class that summarizes requests for goods or services.,General,,
584,2,Attribute,PK,Order,ID,Identifier,,1..1,The unique identifier for an order.,General,,Identifier Long
585,2,Attribute,,Order,Number,Char,,0..1,"The number for an order, generated manually or by the system.",General,,Char Long
586,2,Attribute,,Order,Type Name,Name,,0..1,The label that specifies the type of order within sales or purchasing activities.,General,,Name Medium
587,2,Attribute,,Order,Date,Date,,0..1,"The date on which a purchase order is made effective, distinct from the date of system entry.",General,,DATE
588,2,Attribute,,Order,Status,Code,,0..1,The current state of the order's lifecycle.,General,,STATUS CODE
589,2,Attribute,,Order,Remark,Text,,0..1,Annotations or supplemental information for an order.,General,,Text Medium
590,2,Composition,,Order,,,Activities,0..1,"A class capturing a record of system user actions within an auditee's system, which includes instances of entry, approval, last modification, and posting of data or transactions.",General,,
591,2,Composition,,Order,Transaction,,Amount,0..1,"The total monetary amount for all lines within an order, recorded in the transaction currency specified for the entire order.",General,,
592,2,Reference Association,,Order,,,Accounting Period,0..1,"A specific duration within a fiscal year, delineated by its beginning and ending dates. It serves as the timeframe during which business transactions and entries are accumulated and organized into financial statements and reports.",General,,
593,2,Reference Association,,Order,,,Business Segment,0..*,A class signifies the structural units depicted within an organizational chart. It serves to illustrate relationships with business partners and conveys various business contexts.,General,,
594,2,Reference Association,,Order,,,Payment Term,0..1,"A class details conditions related to sales or purchase agreements, including payment instruments, credit periods, and discount terms.",General,,
595,2,Reference Association,,Order,,,Settlement Method,0..1,"A class describing various methodologies adopted by the business to settle transactions, which can range from cash payments to bank transfers.",General,,
596,1,Abstract Class,,Order Line,,,,,An abstract class that details individual requests or items within an order.,General,,
597,2,Attribute,PK,Order Line,ID,Identifier,,1..1,The unique identifier for a line item within an order.,General,,Identifier Medium
598,2,Attribute,,Order Line,Number,Char,,0..1,"The number for a specific line within an order, generated manually or by the system.",General,,Char Short
599,2,Attribute,,Order Line,Payer ID,Char,,0..1,The unique identifier for the entity responsible for making payment on an order line.,General,,Char Medium
600,2,Attribute,,Order Line,Due Date,Date,,0..1,The ultimate date by which the order is requested.,General,,DATE
601,2,Attribute,,Order Line,Status,Code,,0..1,The current state of the order line item's lifecycle.,General,,STATUS CODE
602,2,Composition,,Order Line,Tax Exclude,,Amount,0..1,"The monetary amount of an order line item excluding tax, recorded in the transaction currency.",General,,
603,2,Composition,,Order Line,Tax Exclude Unit Price,,Amount,0..1,"The unit price of an order line item excluding tax, recorded in the transaction currency.",General,,
604,2,Composition,,Order Line,Tax Include,,Amount,0..1,"The monetary amount of an order line item including tax, recorded in the transaction currency.",General,,
605,2,Composition,,Order Line,Tax Include Unit Price,,Amount,0..1,"The unit price of an order line item including tax, recorded in the transaction currency.",General,,
606,2,Composition,,Order Line,Transaction,,Amount,0..1,"The monetary amount of a single line within an order, recorded in the transaction currency specified for that order line.",General,,
607,2,Composition,,Order Line,,,Quantity,0..1,The quantity of items listed on an order line.,General,,
608,2,Composition,,Order Line,Basic UOM,,Quantity,0..1,The quantity of items on an order line as measured by the basic unit of measure.,General,,
609,2,Composition,,Order Line,,,Tax,0..*,"A class maintaining records of tax implications and obligations, essential for legal compliance and financial planning.",General,,
610,2,Reference Association,,Order Line,,,Business Segment,0..*,A class signifies the structural units depicted within an organizational chart. It serves to illustrate relationships with business partners and conveys various business contexts.,General,,
611,2,Reference Association,,Order Line,Settlement Organization,,Business Segment,0..1,The business segment of the organization responsible for the settlement of an order line.,General,,
612,2,Reference Association,,Order Line,,,Inventory Product,0..1,The inventory product listed on an order line item.,General,,
730,1,Class,,Payment Term,,,,,"A class details conditions related to sales or purchase agreements, including payment instruments, credit periods, and discount terms.",Base,34,
731,2,Attribute,PK,Payment Term,Code,Identifier,,1..1,The unique code denoting the terms of payment.,Base,34,PAYMENT TERM CODE
732,2,Attribute,,Payment Term,Name,Name,,0..1,The official designation of a set of payment terms.,Base,34,Name Long
733,2,Attribute,,Payment Term,Number,Char,,0..1,The number for the position of a line within a set of payment terms.,Base,34,Char Short
734,2,Attribute,,Payment Term,Description,Text,,0..1,The text that describes the conditions of a specific line within a payment term.,Base,34,Text Medium
735,2,Attribute,,Payment Term,Active Indicator,Indicator,,0..1,The flag indicating if a set of payment terms is currently applicable for use in transactions.,Base,34,Indicator
750,1,Class,,Project,,,,,"A class designed for specific projects that can vary from construction to research and may receive public or private funding. It methodically logs key information such as organizational hierarchy, strategic approaches, processes, steps taken, records, budgetary outlines, actual expenses, and the progress made toward set goals.",Base,36,
751,2,Attribute,PK,Project,ID,Identifier,,1..1,The unique identifier for a project.,Base,36,Identifier Medium
752,2,Attribute,,Project,Code,Char,,0..1,The unique identifier assigned to a project.,Base,36,Char Long
753,2,Attribute,,Project,Name,Name,,0..1,The designated title of a project within the context of operations and administration.,Base,36,Name Medium
754,2,Attribute,,Project,Beginning Date,Date,,0..1,The date on which a project is scheduled to start.,Base,36,DATE
755,2,Attribute,,Project,Ending Date,Date,,0..1,The date on which a project is scheduled to conclude.,Base,36,DATE
756,2,Attribute,,Project,Active Indicator,Indicator,,0..1,The flag indicating if a project is currently ongoing and recognized within the operational scope.,Base,36,Indicator
757,2,Reference Association,,Project,,,Business Segment,0..*,A class signifies the structural units depicted within an organizational chart. It serves to illustrate relationships with business partners and conveys various business contexts.,Base,36,
758,1,Class,,Purchase Contract,,,,,A class representing an agreement with a vendor for the provision of goods or services within a specified period.,Purchase,104,
759,2,Specialization,,Purchase Contract,,,Contract,1..1,"A legal agreement between a buyer and a seller pertaining to the procurement of goods or services, detailing the terms and conditions of the purchase.",Purchase,104,
760,2,Composition,,Purchase Contract,,,Purchase Contract Line,0..*,"A class detailing each item within a purchase contract, specifying materials, quantities, suppliers, unit prices, and total trade amounts.",Purchase,104,
761,2,Reference Association,,Purchase Contract,Purchase Organization,,Business Segment,0..1,The business segment pertaining to the organization that manages purchase contracts.,Purchase,104,
762,2,Reference Association,,Purchase Contract,Purchaser,,Employee,0..1,The employee who is designated as the purchaser in a purchase contract.,Purchase,104,
763,2,Reference Association,,Purchase Contract,,,Supplier,0..1,A class containing essential information about suppliers.,Purchase,104,
764,1,Class,,Purchase Contract Line,,,,,A class containing essential information about suppliers.,Purchase,106,
765,2,Specialization,,Purchase Contract Line,,,Contract Line,1..1,A specific item within a purchase contract that outlines details pertaining to the individual purchase agreement.,Purchase,106,
766,2,Reference Association,,Purchase Contract Line,Receipt Organization,,Business Segment,0..1,The business segment related to the organization that handles the receipt of purchase contract lines.,Purchase,106,
767,1,Class,,Purchase Invoice,,,,,A class representing a vendor-issued document that details charges for goods or services provided within a specified period.,Purchase,112,
768,2,Specialization,,Purchase Invoice,,,Invoice,1..1,A class contains the summary information for the invoices.,Purchase,112,
769,2,Composition,,Purchase Invoice,,,Purchase Invoice Line,0..*,"A class describing the specifics of each invoice line received during the period under review, used to validate that invoiced items match ordered and received goods in the three-way matching process.",Purchase,112,
770,2,Reference Association,,Purchase Invoice,Settlement Organization,,Business Segment,0..1,The business segment associated with the organization that settles purchase invoices.,Purchase,112,
771,2,Reference Association,,Purchase Invoice,,,Supplier,0..1,A class containing essential information about suppliers.,Purchase,112,
772,1,Class,,Purchase Invoice Line,,,,,A class representing detailed charges for individual goods or services provided as listed on a purchase invoice.,Purchase,114,
773,2,Specialization,,Purchase Invoice Line,,,Invoice Line,1..1,The inventory product line item on a purchase invoice.,Purchase,114,
774,2,Reference Association,,Purchase Invoice Line,Purchase,,Measurement Unit,0..1,The unit of measure for the quantity of an inventory product specified on a purchase invoice line.,Purchase,114,
775,2,Reference Association,,Purchase Invoice Line,,,Purchase Order,0..1,"A class capturing purchase orders placed during the period under review, serving as a control point in the three-way matching process for accounts payable, ensuring orders are matched with invoices and received goods.",Purchase,114,
776,2,Reference Association,,Purchase Invoice Line,,,Purchase Order Line,0..1,"A class containing details of each purchase order line placed during the period under review, fundamental for the three-way matching process that compares these details against invoices and goods receipt documentation.",Purchase,114,
777,1,Class,,Purchase Materials Received,,,,,A class capturing the details of goods received against purchase orders within a specified period.,Purchase,116,
778,2,Attribute,PK,Purchase Materials Received,ID,Identifier,,1..1,The unique identifier for a particular materials receipt transaction.,Purchase,116,Identifier Long
779,2,Attribute,,Purchase Materials Received,Number,Char,,0..1,The number for a receipt documenting the reception of purchased materials.,Purchase,116,Char Long
780,2,Attribute,,Purchase Materials Received,Date,Date,,0..1,The date when materials purchased by the company are recorded as received.,Purchase,116,DATE
781,2,Attribute,,Purchase Materials Received,Reference Number,Char,,0..1,"The number for a materials receipt, such as a company reference or official logistics waybill number.",Purchase,116,Char Long
782,2,Attribute,,Purchase Materials Received,Shipping Method,Char,,0..1,"The specific process or service selected to convey goods from sender to receiver, applicable to both outbound and inbound logistics.",Purchase,116,Char Medium
783,2,Attribute,,Purchase Materials Received,Shipping Company,Name,,0..1,"A shipping company is an entity engaged in the transportation of goods across various modes of transport, providing logistical and support services to ensure safe and timely delivery.",Purchase,116,Name Short
784,2,Attribute,,Purchase Materials Received,Adjustment Indicator,Indicator,,0..1,The indicator signifying that the transaction reflects a shipment adjustment rather than the original shipment,Purchase,116,Indicator
785,2,Attribute,,Purchase Materials Received,Adjustment Description,Text,,0..1,"Textual clarification provided when changes are made to a recorded receipt, specifying the cause and nature of the adjustment.",Purchase,116,Text Medium
786,2,Composition,,Purchase Materials Received,,,Activities,0..1,"A class capturing a record of system user actions within an auditee's system, which includes instances of entry, approval, last modification, and posting of data or transactions.",Purchase,116,
787,2,Composition,,Purchase Materials Received,Transaction,,Amount,0..1,"The cumulative monetary amount for all materials received within a purchase, recorded in the transaction currency specified for the entire receipt.",Purchase,116,
788,2,Composition,,Purchase Materials Received,,,Purchase Materials Received Line,0..*,"A class providing the details of each material line received during the period under review, essential for the three-way matching process that checks received quantities and conditions against the purchase order specifications.",Purchase,116,
789,2,Reference Association,,Purchase Materials Received,,,Accounting Period,0..1,"A specific duration within a fiscal year, delineated by its beginning and ending dates. It serves as the timeframe during which business transactions and entries are accumulated and organized into financial statements and reports.",Purchase,116,
790,2,Reference Association,,Purchase Materials Received,,,Business Segment,0..*,A class signifies the structural units depicted within an organizational chart. It serves to illustrate relationships with business partners and conveys various business contexts.,Purchase,116,
791,2,Reference Association,,Purchase Materials Received,Receipt Organization,,Business Segment,0..1,The business segment of the organization that receives purchased materials.,Purchase,116,
792,2,Reference Association,,Purchase Materials Received,,,Purchase Order,0..1,"A class capturing purchase orders placed during the period under review, serving as a control point in the three-way matching process for accounts payable, ensuring orders are matched with invoices and received goods.",Purchase,116,
793,2,Reference Association,,Purchase Materials Received,,,Supplier,0..1,A class containing essential information about suppliers.,Purchase,116,
794,1,Class,,Purchase Materials Received Line,,,,,"A class detailing the specifics of each item received, including the quantity, unit price, and total amount related to the purchase.",Purchase,118,
795,2,Attribute,PK,Purchase Materials Received Line,ID,Identifier,,1..1,The unique identifier for a specific line within a materials receipt record.,Purchase,118,Identifier Medium
796,2,Attribute,,Purchase Materials Received Line,Number,Char,,0..1,The number for a specific line within a materials receipt document.,Purchase,118,Char Long
797,2,Composition,,Purchase Materials Received Line,Transaction,,Amount,0..1,"The monetary amount for a line of received materials within a purchase, recorded in the transaction currency specified for the receipt of that line.",Purchase,118,
798,2,Composition,,Purchase Materials Received Line,Unit Price,,Amount,0..1,"The monetary amount per unit for a line of materials received as part of a purchase, recorded in the transaction currency specified for the receipt line.",Purchase,118,
799,2,Composition,,Purchase Materials Received Line,,,Quantity,0..1,The quantity of items recorded as received on a purchase receipt line.,Purchase,118,
800,2,Reference Association,,Purchase Materials Received Line,,,Business Segment,0..*,A class signifies the structural units depicted within an organizational chart. It serves to illustrate relationships with business partners and conveys various business contexts.,Purchase,118,
801,2,Reference Association,,Purchase Materials Received Line,,,Inventory Product,0..1,The inventory product specified in a purchase materials received line item.,Purchase,118,
802,2,Reference Association,,Purchase Materials Received Line,,,Purchase Order Line,0..1,"The class containing details of each purchase order line placed during the period under review, fundamental for the three-way matching process that compares these details against invoices and goods receipt documentation.",Purchase,118,
803,1,Class,,Purchase Order,,,,,A class representing a formal request to a vendor for the supply of goods or services within a specified period.,Purchase,108,
804,2,Specialization,,Purchase Order,,,Order,1..1,The documented request for the supply of products or services generated by a purchaser.,Purchase,108,
805,2,Composition,,Purchase Order,,,Purchase Order Line,0..*,"A class containing details of each purchase order line placed during the period under review, fundamental for the three-way matching process that compares these details against invoices and goods receipt documentation.",Purchase,108,
806,2,Reference Association,,Purchase Order,Purchase Organization,,Business Segment,0..1,The business segment involved with the organization placing the purchase order.,Purchase,108,
807,2,Reference Association,,Purchase Order,Purchaser,,Employee,0..1,The employee designated as the purchaser on a purchase order.,Purchase,108,
808,2,Reference Association,,Purchase Order,,,Supplier,0..1,A class containing essential information about suppliers.,Purchase,108,
809,1,Class,,Purchase Order Line,,,,,A class representing the detailed specifications for goods or services requested in a purchase order.,Purchase,110,
810,2,Specialization,,Purchase Order Line,,,Order Line,1..1,The individual entry on a purchase order that details a product or service requested.,Purchase,110,
811,2,Reference Association,,Purchase Order Line,Receipt Organization,,Business Segment,0..1,The business segment associated with the organization responsible for receiving order line items.,Purchase,110,
812,2,Reference Association,,Purchase Order Line,,,Project,0..1,"A class that records the comprehensive details of a project, related to purchase order lines.",Purchase,110,
813,2,Reference Association,,Purchase Order Line,,,Purchase Contract,0..1,"A class encapsulating the aggregate details of purchase contracts including involved parties, terms, and specifics of the items to be procured.",Purchase,110,
814,2,Reference Association,,Purchase Order Line,,,Purchase Contract Line,0..1,"A class detailing each item within a purchase contract, specifying materials, quantities, suppliers, unit prices, and total trade amounts.",Purchase,110,
815,2,Reference Association,,Purchase Order Line,,,Purchase Requisition,0..1,"A class summarizing requests to procure goods or services, indicating organizational needs during the review period.",Purchase,110,
816,2,Reference Association,,Purchase Order Line,,,Purchase Requisition Line,0..1,"A class detailing each requested item in a purchase requisition, outlining quantities and intended purchase details.",Purchase,110,
817,1,Class,,Purchase Requisition,,,,,A class representing an internal document requesting the procurement of goods or services.,Purchase,100,
818,2,Attribute,PK,Purchase Requisition,ID,Identifier,,1..1,The unique identifier for a purchase requisition.,Purchase,100,Identifier Medium
819,2,Attribute,,Purchase Requisition,Number,Char,,0..1,The number for a material purchase requisition document.,Purchase,100,Char Long
820,2,Attribute,,Purchase Requisition,Date,Date,,0..1,The date on which a purchase requisition is officially submitted.,Purchase,100,DATE
821,2,Attribute,,Purchase Requisition,Status,Code,,0..1,The current state of the purchase requisition's lifecycle.,Purchase,100,STATUS CODE
822,2,Attribute,,Purchase Requisition,Remark,Text,,0..1,Annotations or supplemental information for a purchase requisition.,Purchase,100,Text Medium
823,2,Composition,,Purchase Requisition,,,Activities,0..1,"A class capturing a record of system user actions within an auditee's system, which includes instances of entry, approval, last modification, and posting of data or transactions.",Purchase,100,
824,2,Composition,,Purchase Requisition,,,Purchase Requisition Line,0..*,"A class detailing each requested item in a purchase requisition, outlining quantities and intended purchase details.",Purchase,100,
825,2,Reference Association,,Purchase Requisition,,,Business Segment,0..*,A class signifies the structural units depicted within an organizational chart. It serves to illustrate relationships with business partners and conveys various business contexts.,Purchase,100,
826,1,Class,,Purchase Requisition Line,,,,,A class representing the specifics of goods or services requested in a purchase requisition.,Purchase,102,
827,2,Attribute,PK,Purchase Requisition Line,ID,Identifier,,1..1,The unique identifier for a line within a purchase requisition.,Purchase,102,Identifier Medium
828,2,Attribute,,Purchase Requisition Line,Number,Char,,0..1,The number for a specific line within a purchase requisition document.,Purchase,102,Char Short
829,2,Attribute,,Purchase Requisition Line,Due Date,Date,,0..1,The final date on which delivery of materials specified in a purchase requisition is requested.,Purchase,102,DATE
830,2,Attribute,,Purchase Requisition Line,Status,Code,,0..1,The current state of the purchase requisition line item's lifecycle.,Purchase,102,STATUS CODE
831,2,Composition,,Purchase Requisition Line,Approved,,Quantity,0..1,The quantity of items that have been authorized on a purchase requisition line.,Purchase,102,
832,2,Composition,,Purchase Requisition Line,Requisition,,Quantity,0..1,The quantity of items requested on a purchase requisition line.,Purchase,102,
833,2,Reference Association,,Purchase Requisition Line,,,Business Segment,0..*,A class signifies the structural units depicted within an organizational chart. It serves to illustrate relationships with business partners and conveys various business contexts.,Purchase,102,
834,2,Reference Association,,Purchase Requisition Line,Purchase Organization,,Business Segment,0..1,The business segment relevant to the organization requesting the purchase through a requisition line.,Purchase,102,
835,2,Reference Association,,Purchase Requisition Line,Requisition Organization,,Business Segment,0..1,The business segment concerning the requisition of specific line items in a purchase order.,Purchase,102,
836,2,Reference Association,,Purchase Requisition Line,,,Inventory Product,0..1,The inventory product listed on a purchase requisition line item.,Purchase,102,
837,2,Reference Association,,Purchase Requisition Line,Purchase,,Measurement Unit,0..1,The unit of measure for the quantity of an inventory product requested on a purchase requisition line.,Purchase,102,
838,2,Reference Association,,Purchase Requisition Line,,,Project,0..1,A class that outlines the comprehensive details of a project in the context of purchase requisitions.,Purchase,102,
839,2,Reference Association,,Purchase Requisition Line,,,Supplier,0..1,A class containing essential information about suppliers.,Purchase,102,
840,1,Class,,Quantity,,,,,"A class that measures the extent, size, or amount of items, including the unit of measurement.",General,,
841,2,Attribute,,Quantity,Value,Decimal,,0..1,The numerical amount of a specified item or resource.,General,,QUANTITY
842,2,Reference Association,,Quantity,,,Measurement Unit,0..1,The base unit of measure used to quantify a meaured value.,General,,
843,1,Class,,Sales Contract,,,,,"A legal agreement between a seller and a buyer related to the sale of goods or services, specifying the obligations and rights of both parties involved in the transaction.",Sales,72,
844,2,Specialization,,Sales Contract,,,Contract,1..1,"A legal agreement between a seller and a buyer related to the sale of goods or services, specifying the obligations and rights of both parties involved in the transaction.",Sales,72,
845,2,Composition,,Sales Contract,,,Sales Contract Line,0..*,"A class detailing the terms of individual items within a sales contract, including product details and financial terms.",Sales,72,
846,2,Reference Association,,Sales Contract,Sales Organization,,Business Segment,0..1,The business segment involving the organization responsible for sales contracts.,Sales,72,
847,2,Reference Association,,Sales Contract,,,Customer,0..1,A class that records broad customer information related to sales contracts.,Sales,72,
848,2,Reference Association,,Sales Contract,Salesperson,,Employee,0..1,The employee acting as a salesperson in a sales contract.,Sales,72,
849,1,Class,,Sales Contract Line,,,,,A class representing the specifics of goods or services agreed upon in a sales contract.,Sales,74,
850,2,Specialization,,Sales Contract Line,,,Contract Line,1..1,A specific item within a sales contract that details the individual terms related to the sale of goods or services.,Sales,74,
851,2,Reference Association,,Sales Contract Line,Dispatch Organization,,Business Segment,0..1,The business segment of the organization tasked with the dispatch of sales contract line items.,Sales,74,
852,1,Class,,Sales Invoice,,,,,A class representing a document that details charges for goods or services delivered to a customer within a specified period.,Sales,80,
853,2,Specialization,,Sales Invoice,,,Invoice,1..1,A class contains the summery information for the invoices.,Sales,80,
854,2,Composition,,Sales Invoice,,,Sales Invoice Line,0..*,"A class detailing individual products on sales invoices, integral to the three-way matching process that ensures billing accuracy and proper revenue reporting.",Sales,80,
855,2,Reference Association,,Sales Invoice,,,Customer,0..1,A class that records comprehensive customer information pertaining to sales invoices.,Sales,80,
856,1,Class,,Sales Invoice Line,,,,,A class representing detailed charges for individual goods or services delivered as listed on a sales invoice.,Sales,82,
857,2,Specialization,,Sales Invoice Line,,,Invoice Line,1..1,The inventory product line item on a sales invoice.,Sales,82,
858,2,Reference Association,,Sales Invoice Line,,,Sales Order,0..1,"A class capturing the details of sales orders, which form the basis for the three-way matching process by providing a record to match against customer deliveries and invoicing for transaction validation.",Sales,82,
859,2,Reference Association,,Sales Invoice Line,,,Sales Order Line,0..1,"A class presenting specific information for each item on a sales order, important in the three-way matching process to confirm that deliveries and invoice details correspond to the order specifications.",Sales,82,
860,1,Class,,Sales Order,,,,,A class representing a formal request from a customer for the delivery of goods or services within a specified period.,Sales,76,
861,2,Specialization,,Sales Order,,,Order,1..1,The recorded agreement to sell specific products or services as confirmed by a seller.,Sales,76,
862,2,Composition,,Sales Order,,,Sales Order Line,0..*,"A class presenting specific information for each item on a sales order, important in the three-way matching process to confirm that deliveries and invoice details correspond to the order specifications.",Sales,76,
863,2,Reference Association,,Sales Order,Sales Organization,,Business Segment,0..1,The business segment pertaining to the organization that processes sales orders.,Sales,76,
864,2,Reference Association,,Sales Order,,,Customer,0..1,A class that records broad customer information related to sales orders.,Sales,76,
865,2,Reference Association,,Sales Order,Salesperson,,Employee,0..1,The employee responsible for the sales order as a salesperson.,Sales,76,
866,1,Class,,Sales Order Line,,,,,A class representing the detailed specifications for goods or services requested in a sales order.,Sales,78,
867,2,Specialization,,Sales Order Line,,,Order Line,1..1,The individual entry on a sales order that specifies the product or service to be sold.,Sales,78,
868,2,Reference Association,,Sales Order Line,Dispatch Organization,,Business Segment,0..1,The business segment concerning the organisation that handles the dispatch of sales shipments.,Sales,78,
869,2,Reference Association,,Sales Order Line,,,Sales Contract,0..1,"A class providing an overview of sales agreements, documenting the commitment to sell products or services within a specific period.",Sales,78,
870,2,Reference Association,,Sales Order Line,,,Sales Contract Line,0..1,"A class detailing the terms of individual items within a sales contract, including product details and financial terms.",Sales,78,
871,1,Class,,Sales Shipment Made,,,,,A class capturing the details of goods shipped to customers in fulfillment of sales orders within a specified period.,Sales,84,
872,2,Attribute,PK,Sales Shipment Made,ID,Identifier,,1..1,The unique identifier for a shipment.,Sales,84,Identifier Long
873,2,Attribute,,Sales Shipment Made,Number,Char,,0..1,The number for a specific sales shipment.,Sales,84,Char Long
874,2,Attribute,,Sales Shipment Made,Date,Date,,0..1,The date on which goods were shipped to the buyer.,Sales,84,DATE
875,2,Attribute,,Sales Shipment Made,Reference Number,Char,,0..1,"The number for a specific shipment, such as a company reference or an official waybill number from a logistics company.",Sales,84,Char Long
876,2,Attribute,,Sales Shipment Made,Shipping Method,Char,,0..1,"The specific process or service selected to convey goods from sender to receiver, applicable to both outbound and inbound logistics.",Sales,84,Char Medium
877,2,Attribute,,Sales Shipment Made,Shipping Company,Name,,0..1,"A shipping company is an entity engaged in the transportation of goods across various modes of transport, providing logistical and support services to ensure safe and timely delivery.",Sales,84,Name Short
878,2,Attribute,,Sales Shipment Made,Adjustment Indicator,Indicator,,0..1,The indicator signifying that the transaction reflects a shipment adjustment rather than the original shipment.,Sales,84,Indicator
879,2,Attribute,,Sales Shipment Made,Adjustment Description,Text,,0..1,"Textual clarification provided when changes are made to a recorded shipment, specifying the cause and nature of the adjustment.",Sales,84,Text Medium
880,2,Composition,,Sales Shipment Made,,,Activities,0..1,"A class capturing a record of system user actions within an auditee's system, which includes instances of entry, approval, last modification, and posting of data or transactions.",Sales,84,
881,2,Composition,,Sales Shipment Made,Shipping Transaction,,Amount,0..1,"The total monetary amount for shipping all items in a sales shipment, recorded in the transaction currency.",Sales,84,
882,2,Composition,,Sales Shipment Made,,,Sales Shipment Made Line,0..*,"A class detailing the specifics of items shipped, verified in the three-way matching process against sales orders and invoices to ensure accuracy and completeness of the sales cycle.",Sales,84,
883,2,Reference Association,,Sales Shipment Made,,,Accounting Period,0..1,"A specific duration within a fiscal year, delineated by its beginning and ending dates. It serves as the timeframe during which business transactions and entries are accumulated and organized into financial statements and reports.",Sales,84,
884,2,Reference Association,,Sales Shipment Made,,,Business Segment,0..*,A class signifies the structural units depicted within an organizational chart. It serves to illustrate relationships with business partners and conveys various business contexts.,Sales,84,
885,2,Reference Association,,Sales Shipment Made,Dispatch Organization,,Business Segment,0..1,The business segment concerning the organization that handles the dispatch of completed sales shipments.,Sales,84,
886,2,Reference Association,,Sales Shipment Made,,,Customer,0..1,A class that records broad customer information pertaining to made shipments.,Sales,84,
887,2,Reference Association,,Sales Shipment Made,,,Sales Order,0..1,"A class capturing the details of sales orders, which form the basis for the three-way matching process by providing a record to match against customer deliveries and invoicing for transaction validation.",Sales,84,
888,1,Class,,Sales Shipment Made Line,,,,,"A class detailing the specifics of each item shipped, including the quantity, unit price, and total amount related to the sale.",Sales,86,
889,2,Attribute,PK,Sales Shipment Made Line,ID,Identifier,,1..1,The unique identifier for a line within a shipment document.,Sales,86,Identifier Long
890,2,Attribute,,Sales Shipment Made Line,Number,Char,,0..1,The number for a particular line within a shipping document.,Sales,86,Char Short
891,2,Composition,,Sales Shipment Made Line,Shipping Transaction,,Amount,0..1,"The monetary amount of a specific line item in a sales shipment, recorded in the transaction currency, representing the cost of shipping.",Sales,86,
892,2,Composition,,Sales Shipment Made Line,Shipping Unit Price,,Amount,0..1,"The unit price for shipping a specific item in a sales shipment, recorded in the transaction currency.",Sales,86,
893,2,Composition,,Sales Shipment Made Line,Shipping,,Quantity,0..1,The quantity of items listed as shipped on a sales shipment line.,Sales,86,
894,2,Reference Association,,Sales Shipment Made Line,,,Business Segment,0..*,A class signifies the structural units depicted within an organizational chart. It serves to illustrate relationships with business partners and conveys various business contexts.,Sales,86,
895,2,Reference Association,,Sales Shipment Made Line,,,Inventory Product,0..1,The inventory product detailed in a sales shipment made line item.,Sales,86,
896,2,Reference Association,,Sales Shipment Made Line,,,Sales Order Line,0..1,"A class presenting specific information for each item on a sales order, important in the three-way matching process to confirm that deliveries and invoice details correspond to the order specifications.",Sales,86,
897,1,Class,,Settlement Method,,,,,"A class describing various methodologies adopted by the business to settle transactions, which can range from cash payments to bank transfers.",Base,28,
898,2,Attribute,PK,Settlement Method,Code,Identifier,,1..1,The unique code describing how a transaction is settled.,Base,28,Identifier Medium
899,2,Attribute,,Settlement Method,Name,Name,,0..1,The designation of the procedure used for financial settlement.,Base,28,Name Short
900,2,Attribute,,Settlement Method,Active Indicator,Indicator,,0..1,The flag indicating if a settlement method is currently valid for settling transactions.,Base,28,Indicator
901,1,Class,,Supplier,,,,,A class containing essential information about suppliers.,Base,18,
902,2,Attribute,PK,Supplier,Account ID,Identifier,,1..1,The unique identifier for a supplier account.,Base,18,Identifier Long
903,2,Attribute,,Supplier,Account Number,Char,,0..1,The number for a supplier's account.,Base,18,Char Long
904,2,Attribute,,Supplier,Account Name,Name,,0..1,The legal or registered name of the supplier.,Base,18,Name Medium
905,2,Attribute,,Supplier,Abbreviation,Name,,0..1,The shortened form of the supplier's name.,Base,18,Name Medium
906,2,Attribute,,Supplier,TIN,Char,,0..1,The tax identification number assigned to the supplier by tax authorities.,Base,18,TAX IDENTIFICATION NUMBER
907,2,Attribute,,Supplier,Group,Char,,0..1,The classification of the supplier within an organization's segmentation system.,Base,18,Char Long
908,2,Attribute,,Supplier,Inactive Date,Date,,0..1,"The date marking the change of a supplier's status to inactive due to factors such as credit limit exceedance, legal constraints, contract cessation, or insolvency.",Base,18,DATE
909,2,Attribute,,Supplier,Terms Discount Percentage,Decimal,,0..1,The percentage of discount offered by a supplier when payment is made within the specified discount days.,Base,18,Percent
910,2,Attribute,,Supplier,Terms Discount Days,Integer,,0..1,"The number of days from the invoice date that the customer is eligible for the discount if payment is made.
",Base,18,INTEGER
911,2,Attribute,,Supplier,Terms Due Days,Integer,,0..1,The standard time period in days before a customer's payment is considered overdue.,Base,18,INTEGER
912,2,Composition,,Supplier,,,Activities,0..1,"A class capturing a record of system user actions within an auditee's system, which includes instances of entry, approval, last modification, and posting of data or transactions.",Base,18,
913,2,Composition,,Supplier,Billing,,Address,0..1,"The address where billing-related documents should be sent for a supplier, typically used for remitting payments and financial documentation.",Base,18,
914,2,Composition,,Supplier,Physical,,Address,0..1,"The geographic location of a supplier's premises, comprising street, number, city, and postal code, corresponding to the supplier's actual physical site.",Base,18,
915,2,Composition,,Supplier,Total Credit Limit,,Amount,0..1,The maximum monetary amount of credit that a supplier is willing to extend to its customers.,Base,18,
916,2,Composition,,Supplier,Transaction Credit Limit,,Amount,0..1,The maximum monetary amount a supplier permits a customer to owe for a single transaction.,Base,18,
917,2,Composition,,Supplier,Primary,,Contact,0..1,"The principal point of contact for a supplier, typically accountable for managing correspondence and agreements with customers or clients.",Base,18,
918,2,Reference Association,,Supplier,Corresponding,,Customer,0..1,The customer associated with or equivalent to a specific supplier in business transactions.,Base,18,
919,2,Reference Association,,Supplier,,,Supplier Type,0..1,A class with comprehensive descriptions of supplier classifications based on defined criteria.,Base,18,
920,1,Class,,Supplier Hierarchy,,,,,A class that shows the organized relationships among suppliers.,Base,18,
921,2,Reference Association,PK,Supplier Hierarchy,Child,,Supplier,1..1,The supplier that is classified at a subordinate level within a supplier hierarchy.,Base,18,
922,2,Reference Association,PK,Supplier Hierarchy,Parent,,Supplier,1..1,The supplier that is classified at a superior level within a supplier hierarchy.,Base,18,
923,1,Class,,Supplier Type,,,,,A class with comprehensive descriptions of supplier classifications based on defined criteria.,Base,16,
924,2,Attribute,PK,Supplier Type,ID,Identifier,,1..1,The unique identifier for the type of supplier.,Base,16,Identifier Medium
925,2,Attribute,,Supplier Type,Code,Code,,0..1,The identifier that categorizes the type of supplier within an organizational system.,Base,16,SUPPLIER TYPE CODE
926,2,Attribute,,Supplier Type,Name,Name,,0..1,"The designation for the category of supplier based on their attributes.
",Base,16,Name Medium
927,1,Class,,Supplier Type Hierarchy,,,,,A class representing the hierarchical categorization of supplier types for organizational and strategic purposes.,Base,16,
928,2,Reference Association,PK,Supplier Type Hierarchy,Child,,Supplier Type,1..1,The specific category of supplier that is classified at a subordinate level within a supplier hierarchy.,Base,16,
929,2,Reference Association,PK,Supplier Type Hierarchy,Parent,,Supplier Type,1..1,The specific category of supplier that is classified at a superior level within a supplier hierarchy.,Base,16,
930,1,Class,,Tax,,,,,"A class maintaining records of tax implications and obligations, essential for legal compliance and financial planning.",General,,
931,2,Composition,,Tax,Local,,Amount,0..1,"The monetary amount of tax assessed based on local tax regulations, recorded in the local currency.",General,,
932,2,Composition,,Tax,Transaction,,Amount,0..1,"The total monetary amount of tax applied to a specific transaction, recorded in the transaction currency.",General,,
933,2,Reference Association,,Tax,Credit,,Ledger Account,0..1,The ledger account that records credits related to tax transactions.,General,,
934,2,Reference Association,,Tax,Debit,,Ledger Account,0..1,The ledger account that records debits related to tax transactions.,General,,
935,2,Reference Association,,Tax,,,Tax Type,0..1,"A class outlining detailed classifications of tax types that the business encounters, supporting accurate tax reporting and compliance.",General,,
936,1,Class,,Tax Regulatory,,,,,"A class that includes regulatory information for taxation, offering instructions for compliance with tax laws in various jurisdictions.",Base,40,
937,2,Attribute,PK,Tax Regulatory,Code,Identifier,,1..1,The unique code for a regulatory body or jurisdiction.,Base,40,REGULATOR CODE
938,2,Attribute,,Tax Regulatory,Country Code,Code,,0..1,"The code for the country in which the tax regulator operates, as per ISO 3166-1.",Base,40,COUNTRY CODE
939,2,Attribute,,Tax Regulatory,Region,Name,,0..1,The specific area within a country that falls under the jurisdiction of a tax regulator.,Base,40,REGION
940,2,Attribute,,Tax Regulatory,Name,Name,,0..1,The name of the entity responsible for tax regulation.,Base,40,Name Medium
941,2,Attribute,,Tax Regulatory,Role,Char,,0..1,"The jurisdictional level at which the regulator operates, such as federal, regional, or local.",Base,40,Char Short
942,2,Attribute,,Tax Regulatory,Regulator ID,Char,,0..1,The identifier for the reporting organization as assigned by the tax regulator.,Base,40,Char Short
943,2,Attribute,,Tax Regulatory,Active Indicator,Indicator,,0..1,The binary indicator of whether a regulatory code is currently active.,Base,40,Indicator
944,2,Reference Association,,Tax Regulatory,Reporting Organization,,Business Segment,0..1,The class represents tax reporting entities within the auditee's organization.,Base,40,
945,2,Reference Association,,Tax Regulatory,,,Business Segment,0..*,A class signifies the structural units depicted within an organizational chart. It serves to illustrate relationships with business partners and conveys various business contexts.,Base,40,
946,2,Reference Association,,Tax Regulatory,Accrual,,Ledger Account,0..1,The ledger account used for recording accrued taxes as per regulatory requirements.,Base,40,
947,2,Reference Association,,Tax Regulatory,Expense,,Ledger Account,0..1,The ledger account used for recording tax expenses as per regulatory requirements.,Base,40,
948,2,Reference Association,,Tax Regulatory,Payable,,Ledger Account,0..1,The ledger account used for recording taxes payable as per regulatory requirements.,Base,40,
949,1,Class,,Tax Type,,,,,"A class outlining detailed classifications of tax types that the business encounters, supporting accurate tax reporting and compliance.",Base,42,
950,2,Attribute,PK,Tax Type,Code,Identifier,,1..1,The unique code used to classify a tax type.,Base,42,TAX TYPE CODE
951,2,Attribute,,Tax Type,Tax Name,Name,,0..1,The official title assigned to a category of tax.,Base,42,Name Medium
952,2,Attribute,,Tax Type,Description,Text,,0..1,The details that define and categorize a specific tax type.,Base,42,Text Medium
953,2,Attribute,,Tax Type,Tax Code Description,Text,,0..1,The narrative that clarifies the specific tax code and its application within the broader tax type.,Base,42,Text Medium
954,2,Attribute,,Tax Type,Tax Percentage,Decimal,,0..1,The standard rate applied to a specific tax type and code.,Base,42,Percent
955,2,Reference Association,,Tax Type,,,Business Segment,0..*,The class represents the business unit associated with reporting activities within the auditee's organization.,Base,42,
956,2,Reference Association,,Tax Type,,,Tax Regulatory,0..1,"The class that holds regulatory information related to taxation, providing instructions for compliance with tax laws across different jurisdictions.",Base,42,
957,1,Class,,User,,,,,"A class with user details, important for overseeing access, maintaining security, and tracking system use.",Base,10,
958,2,Attribute,PK,User,ID,Identifier,,1..1,"The unique identifier for individuals entering transactions into the accounting and/or ERP system.
",Base,10,Identifier Short
959,2,Attribute,,User,Active Indicator,Indicator,,0..1,The flag indicating the active status of a user within the system. An active status signifies that the user is authorized and able to access system functionalities.,Base,10,Indicator
960,2,Attribute,,User,Status Modified Date,Date,,0..1,The date on which the activation or termination status of the user was last modified.,Base,10,DATE
961,2,Attribute,,User,Name,Name,,0..1,The identifying label assigned to an individual within the system.,Base,10,Name Medium
962,2,Attribute,,User,Job Title,Char,,0..1,"The designation of the individual's role within the system, indicating their position or responsibility.",Base,10,Char Long
963,2,Attribute,,User,Role Responsibility,Char,,0..1,A descriptive depiction of the functional role or primary responsibility of the individual within the system.,Base,10,Char Long
964,2,Reference Association,,User,Department,,Business Segment,0..1,The department within a business segment that is associated with a particular user.,Base,10,
