name,B,category,seq,account_name,amount,type,level,Ledger_Account_Number,English_Label
　貸借対照表,,,5,貸借対照表,,,,,
　　資産の部,,資産,,資産の部,,T,2,10A000010,Assets
　　　流動資産,,流動資産,,流動資産,,T,3,10A100010,Current assets
　　　　現金及び預金,0,流動資産,,現金及び預金,,1,4,10A100020,Cash and deposits
　　　　受取手形及び売掛金,0,流動資産,,受取手形及び売掛金,,1,4,10A100030,Notes and accounts receivable - trade
　　　　　貸倒引当金,0,流動資産,,貸倒引当金,,1,5,10A100040,Allowance for doubtful accounts
　　　　　受取手形及び売掛金（純額）,0,流動資産,,受取手形及び売掛金（純額）,,1,5,10A100050,"Notes and accounts receivable - trade, net"
　　　　受取手形,0,流動資産,,受取手形,,1,4,10A100060,Notes receivable - trade
　　　　　貸倒引当金,0,流動資産,,貸倒引当金,,1,5,10A100070,Allowance for doubtful accounts
　　　　　受取手形（純額）,0,流動資産,,受取手形（純額）,,1,5,10A100080,"Notes receivable - trade, net"
　　　　売掛金,0,流動資産,,売掛金,,1,4,10A100090,Accounts receivable - trade
　　　　　貸倒引当金,0,流動資産,,貸倒引当金,,1,5,10A100100,Allowance for doubtful accounts
　　　　　売掛金（純額）,0,流動資産,,売掛金（純額）,,1,5,10A100110,"Accounts receivable - trade, net"
　　　　関係会社売掛金,0,流動資産,,関係会社売掛金,,1,4,10A100120,Accounts receivable from subsidiaries and associates - trade
　　　　割賦売掛金,0,流動資産,,割賦売掛金,,1,4,10A100130,Accounts receivable - installment
　　　　開発事業未収入金,0,流動資産,,開発事業未収入金,,1,4,10A100140,Accounts receivable - development business
　　　　不動産事業未収入金,0,流動資産,,不動産事業未収入金,,1,4,10A100150,Accounts receivable - real estate business
　　　　完成業務未収入金,0,流動資産,,完成業務未収入金,,1,4,10A100160,Accounts receivable - completed service contracts
　　　　加盟店貸勘定,0,流動資産,,加盟店貸勘定,,1,4,10A100170,Accounts receivable - due from franchised stores
　　　　受取手形及び営業未収入金,0,流動資産,,受取手形及び営業未収入金,,1,4,10A100180,Trade notes and accounts receivable
　　　　営業未収入金,0,流動資産,,営業未収入金,,1,4,10A100190,Trade accounts receivable
　　　　電子記録債権,0,流動資産,,電子記録債権,,1,4,10A100200,Electronically recorded monetary claims - operating
　　　　営業貸付金,0,流動資産,,営業貸付金,,1,4,10A100210,Operating loans
　　　　売買目的有価証券及び1年内に満期の到来する有価証券,,流動資産,,売買目的有価証券及び1年内に満期の到来する有価証券,,T,4,10A100220,Securities - trading and matured within one year
　　　　　有価証券,0,流動資産,,有価証券,,1,5,10A100230,Securities
　　　　親会社株式,0,流動資産,,親会社株式,,1,4,10A100240,Shares of parent
　　　　金銭の信託,0,流動資産,,金銭の信託,,1,4,10A100250,Money held in trust
　　　　営業投資有価証券,0,流動資産,,営業投資有価証券,,1,4,10A100260,Operational investment securities
　　　　たな卸資産,0,流動資産,,たな卸資産,,1,4,10A100270,Inventories
　　　　　商品,0,流動資産,,商品,,1,5,10A100280,Merchandise
　　　　　　未着商品,0,流動資産,,未着商品,,1,6,10A100290,Goods in transit
　　　　　製品、副産物及び作業くず,,流動資産,,製品、副産物及び作業くず,,T,5,10A100300,"Finished goods, by-products and scraps"
　　　　　　製品,0,流動資産,,製品,,1,6,10A100310,Finished goods
　　　　　　副産物,0,流動資産,,副産物,,1,6,10A100320,By-product
　　　　　商品及び製品,0,流動資産,,商品及び製品,,1,5,10A100330,Merchandise and finished goods
　　　　　半製品,0,流動資産,,半製品,,1,5,10A100340,Semi-finished goods
　　　　　原料及び材料,,流動資産,,原料及び材料,,T,5,10A100350,Raw materials and materials
　　　　　　原材料,0,流動資産,,原材料,,1,6,10A100360,Raw materials
　　　　　　原材料及び貯蔵品,0,流動資産,,原材料及び貯蔵品,,1,6,10A100370,Raw materials and supplies
　　　　　　未着原材料,0,流動資産,,未着原材料,,1,6,10A100380,Raw materials in transit
　　　　　仕掛品及び半成工事,,流動資産,,仕掛品及び半成工事,,T,5,10A100390,Work in process and partly-finished work
　　　　　　仕掛品,0,流動資産,,仕掛品,,1,6,10A100400,Work in process
　　　　　　半成工事,0,流動資産,,半成工事,,1,6,10A100410,Partly-finished work
　　　　　消耗品、消耗工具、器具及び備品その他の貯蔵品で相当額以上のもの,,流動資産,,消耗品、消耗工具、器具及び備品その他の貯蔵品で相当額以上のもの,,T,5,10A100420,Supplies and other - reasonable value
　　　　　　貯蔵品,0,流動資産,,貯蔵品,,1,6,10A100430,Supplies
　　　　　販売用不動産,0,流動資産,,販売用不動産,,1,5,10A100440,Real estate for sale
　　　　　仕掛販売用不動産,0,流動資産,,仕掛販売用不動産,,1,5,10A100450,Real estate for sale in process
　　　　　開発事業等支出金,0,流動資産,,開発事業等支出金,,1,5,10A100460,Development projects in progress
　　　　　不動産事業支出金,0,流動資産,,不動産事業支出金,,1,5,10A100470,Costs on real estate business
　　　　　未成業務支出金,0,流動資産,,未成業務支出金,,1,5,10A100480,Costs on service contracts in progress
　　　　　分譲土地建物,0,流動資産,,分譲土地建物,,1,5,10A100490,Land and buildings for sale in lots
　　　　　分譲土地,0,流動資産,,分譲土地,,1,5,10A100500,Land for sale in lots
　　　　　その他のたな卸資産,0,流動資産,,その他のたな卸資産,,1,5,10A100510,Other inventories
　　　　前渡金,0,流動資産,,前渡金,,1,4,10A100520,Advance payments - trade
　　　　前払金,0,流動資産,,前払金,,1,4,10A100530,Advance payments - other
　　　　前払費用,0,流動資産,,前払費用,,1,4,10A100540,Prepaid expenses
　　　　未収収益,0,流動資産,,未収収益,,1,4,10A100550,Accrued income
　　　　　未収利息,0,流動資産,,未収利息,,1,5,10A100560,Accrued interest
　　　　その他の資産で1年内に現金化できると認められるもの,,流動資産,,その他の資産で1年内に現金化できると認められるもの,,T,4,10A100570,Other assets - encashed within one year
　　　　　株主、役員又は従業員に対する短期債権,0,流動資産,,株主、役員又は従業員に対する短期債権,,1,5,10A100580,"Short-term claims on shareholders, directors (and other officers) or employees"
　　　　　　貸倒引当金,0,流動資産,,貸倒引当金,,1,6,10A100590,Allowance for doubtful accounts
　　　　　　株主、役員又は従業員に対する短期債権（純額）,0,流動資産,,株主、役員又は従業員に対する短期債権（純額）,,1,6,10A100600,"Short-term claims on shareholders, directors (and other officers) or employees, net"
　　　　　短期貸付金,0,流動資産,,短期貸付金,,1,5,10A100610,Short-term loans receivable
　　　　　　貸倒引当金,0,流動資産,,貸倒引当金,,1,6,10A100620,Allowance for doubtful accounts
　　　　　　短期貸付金（純額）,0,流動資産,,短期貸付金（純額）,,1,6,10A100630,"Short-term loans receivable, net"
　　　　　関係会社短期貸付金,0,流動資産,,関係会社短期貸付金,,1,5,10A100640,Short-term loans receivable from subsidiaries and associates
　　　　　　貸倒引当金,0,流動資産,,貸倒引当金,,1,6,10A100650,Allowance for doubtful accounts
　　　　　　関係会社短期貸付金（純額）,0,流動資産,,関係会社短期貸付金（純額）,,1,6,10A100660,"Short-term loans receivable from subsidiaries and associates, net"
　　　　　未収入金,0,流動資産,,未収入金,,1,5,10A100670,Accounts receivable - other
　　　　　関係会社未収入金,0,流動資産,,関係会社未収入金,,1,5,10A100680,Accounts receivable from subsidiaries and associates - other
　　　　　未収消費税等,0,流動資産,,未収消費税等,,1,5,10A100690,Consumption taxes receivable
　　　　　未収還付法人税等,0,流動資産,,未収還付法人税等,,1,5,10A100700,Income taxes receivable
　　　　　営業外受取手形,0,流動資産,,営業外受取手形,,1,5,10A100710,Non-operating notes receivable
　　　　　営業外電子記録債権,0,流動資産,,営業外電子記録債権,,1,5,10A100720,Electronically recorded monetary claims - non-operating
　　　　　1年内回収予定の長期貸付金,0,流動資産,,1年内回収予定の長期貸付金,,1,5,10A100730,Current portion of long-term loans receivable
　　　　　1年内回収予定の関係会社長期貸付金,0,流動資産,,1年内回収予定の関係会社長期貸付金,,1,5,10A100740,Current portion of long-term loans receivable from subsidiaries and associates
　　　　　1年内回収予定の差入保証金,0,流動資産,,1年内回収予定の差入保証金,,1,5,10A100750,Current portion of guarantee deposits
　　　　　その他の未収入金,0,流動資産,,その他の未収入金,,1,5,10A100760,Other accounts receivable
　　　　　関係会社預け金,0,流動資産,,関係会社預け金,,1,5,10A100770,Deposits paid to subsidiaries and associates
　　　　　関係会社短期債権,0,流動資産,,関係会社短期債権,,1,5,10A100780,Short-term receivables from subsidiaries and associates
　　　　　金銭債権信託受益権,0,流動資産,,金銭債権信託受益権,,1,5,10A100790,Beneficial interests in receivables trust
　　　　　差入保証金,0,流動資産,,差入保証金,,1,5,10A100800,Guarantee deposits
　　　　　従業員に対する短期債権,0,流動資産,,従業員に対する短期債権,,1,5,10A100810,Short-term claims on employees
　　　　　従業員に対する短期貸付金,0,流動資産,,従業員に対する短期貸付金,,1,5,10A100820,Short-term loans receivable from employees
　　　　　信託受益権,0,流動資産,,信託受益権,,1,5,10A100830,Beneficial interests in trust
　　　　　立替金,0,流動資産,,立替金,,1,5,10A100840,Advances paid
　　　　　仮払金,0,流動資産,,仮払金,,1,5,10A100850,Suspense payments
　　　　　預け金,0,流動資産,,預け金,,1,5,10A100860,Deposits paid
　　　　リース債権,0,流動資産,,リース債権,,1,4,10A100870,Lease receivables
　　　　　貸倒引当金,0,流動資産,,貸倒引当金,,1,5,10A100880,Allowance for doubtful accounts
　　　　　リース債権（純額）,0,流動資産,,リース債権（純額）,,1,5,10A100890,"Lease receivables, net"
　　　　リース投資資産,0,流動資産,,リース投資資産,,1,4,10A100900,Investments in leases
　　　　　貸倒引当金,0,流動資産,,貸倒引当金,,1,5,10A100910,Allowance for doubtful accounts
　　　　　リース投資資産（純額）,0,流動資産,,リース投資資産（純額）,,1,5,10A100920,"Investments in leases, net"
　　　　リース債権及びリース投資資産,0,流動資産,,リース債権及びリース投資資産,,1,4,10A100930,Lease receivables and investments in leases
　　　　　貸倒引当金,0,流動資産,,貸倒引当金,,1,5,10A100940,Allowance for doubtful accounts
　　　　　リース債権及びリース投資資産（純額）,0,流動資産,,リース債権及びリース投資資産（純額）,,1,5,10A100950,"Lease receivables and investments in leases, net"
　　　　デリバティブ債権,0,流動資産,,デリバティブ債権,,1,4,10A100960,Derivatives
　　　　　為替予約,0,流動資産,,為替予約,,1,5,10A100970,Forward exchange contracts
　　　　　金利スワップ資産,0,流動資産,,金利スワップ資産,,1,5,10A100980,Interest rate swap assets
　　　　　金利スワップ,0,流動資産,,金利スワップ,,1,5,10A100990,Interest rate swaps
　　　　　買建通貨オプション,0,流動資産,,買建通貨オプション,,1,5,10A101000,Purchased currency options
　　　　　通貨オプション,0,流動資産,,通貨オプション,,1,5,10A101010,Currency options
　　　　　オプション資産,0,流動資産,,オプション資産,,1,5,10A101020,Options
　　　　前払年金費用,0,流動資産,,前払年金費用,,1,4,10A101030,Prepaid pension cost
　　　　流動資産に属する資産に係る引当金,,流動資産,,流動資産に属する資産に係る引当金,,T,4,10A101040,Allowance - current assets
　　　　　貸倒引当金,0,流動資産,,貸倒引当金,,1,5,10A101050,Allowance for doubtful accounts
　　　　信用保証割賦売掛金,0,流動資産,,信用保証割賦売掛金,,1,4,10A101060,Accounts receivable - installment sales - credit guarantee
　　　　寄託有価証券,0,流動資産,,寄託有価証券,,1,4,10A101070,Securities in deposit
　　　　商業手形,0,流動資産,,商業手形,,1,4,10A101080,Commercial notes
　　　　貸借取引貸付金,0,流動資産,,貸借取引貸付金,,1,4,10A101090,Loans on margin transaction
　　　　一般貸付金,0,流動資産,,一般貸付金,,1,4,10A101100,General loans
　　　　公社債貸付金,0,流動資産,,公社債貸付金,,1,4,10A101110,Bond financing
　　　　貸付有価証券,0,流動資産,,貸付有価証券,,1,4,10A101120,Securities lent
　　　　借入有価証券代り金,0,流動資産,,借入有価証券代り金,,1,4,10A101130,Collateral money for securities borrowed
　　　　買取債権,0,流動資産,,買取債権,,1,4,10A101140,Purchased receivables
　　　　その他,0,流動資産,,その他,,1,4,10A101150,Other
　　　　流動資産,0,流動資産,,流動資産,,1,4,10A101160,Current assets
　　　固定資産,,固定資産,,固定資産,,T,3,10A200010,Non-current assets
　　　　有形固定資産,,有形固定資産,,有形固定資産,,T,4,10A210010,"Property, plant and equipment"
　　　　　建物及び暖房、照明、通風等の附属設備,,有形固定資産,,建物及び暖房、照明、通風等の附属設備,,T,5,10A210020,"Buildings and other facilities - heating, illumination, ventilation and other"
　　　　　　建物,0,有形固定資産,,建物,,1,6,10A210030,Buildings
　　　　　　　減価償却累計額,0,有形固定資産,,減価償却累計額,,1,7,10A210040,Accumulated depreciation
　　　　　　　減損損失累計額,0,有形固定資産,,減損損失累計額,,1,7,10A210050,Accumulated impairment loss
　　　　　　　減価償却累計額及び減損損失累計額,0,有形固定資産,,減価償却累計額及び減損損失累計額,,1,7,10A210060,Accumulated depreciation and impairment loss
　　　　　　　建物（純額）,0,有形固定資産,,建物（純額）,,1,7,10A210070,"Buildings, net"
　　　　　　建物附属設備,0,有形固定資産,,建物附属設備,,1,6,10A210080,Facilities attached to buildings
　　　　　　　減価償却累計額,0,有形固定資産,,減価償却累計額,,1,7,10A210090,Accumulated depreciation
　　　　　　　減損損失累計額,0,有形固定資産,,減損損失累計額,,1,7,10A210100,Accumulated impairment loss
　　　　　　　減価償却累計額及び減損損失累計額,0,有形固定資産,,減価償却累計額及び減損損失累計額,,1,7,10A210110,Accumulated depreciation and impairment loss
　　　　　　　建物附属設備（純額）,0,有形固定資産,,建物附属設備（純額）,,1,7,10A210120,"Facilities attached to buildings, net"
　　　　　構築物,0,有形固定資産,,構築物,,1,5,10A210130,Structures
　　　　　　減価償却累計額,0,有形固定資産,,減価償却累計額,,1,6,10A210140,Accumulated depreciation
　　　　　　減損損失累計額,0,有形固定資産,,減損損失累計額,,1,6,10A210150,Accumulated impairment loss
　　　　　　減価償却累計額及び減損損失累計額,0,有形固定資産,,減価償却累計額及び減損損失累計額,,1,6,10A210160,Accumulated depreciation and impairment loss
　　　　　　構築物（純額）,0,有形固定資産,,構築物（純額）,,1,6,10A210170,"Structures, net"
　　　　　建物及び構築物,0,有形固定資産,,建物及び構築物,,1,5,10A210180,Buildings and structures
　　　　　　減価償却累計額,0,有形固定資産,,減価償却累計額,,1,6,10A210190,Accumulated depreciation
　　　　　　減損損失累計額,0,有形固定資産,,減損損失累計額,,1,6,10A210200,Accumulated impairment loss
　　　　　　減価償却累計額及び減損損失累計額,0,有形固定資産,,減価償却累計額及び減損損失累計額,,1,6,10A210210,Accumulated depreciation and impairment loss
　　　　　　建物及び構築物（純額）,0,有形固定資産,,建物及び構築物（純額）,,1,6,10A210220,"Buildings and structures, net"
　　　　　機械及び装置並びにコンベヤー、ホイスト、起重機等の搬送設備その他の附属設備,,有形固定資産,,機械及び装置並びにコンベヤー、ホイスト、起重機等の搬送設備その他の附属設備,,T,5,10A210230,"Machinery, equipment and other facilities - conveyor, hoist, crane and other"
　　　　　　機械及び装置,0,有形固定資産,,機械及び装置,,1,6,10A210240,Machinery and equipment
　　　　　　　減価償却累計額,0,有形固定資産,,減価償却累計額,,1,7,10A210250,Accumulated depreciation
　　　　　　　減損損失累計額,0,有形固定資産,,減損損失累計額,,1,7,10A210260,Accumulated impairment loss
　　　　　　　減価償却累計額及び減損損失累計額,0,有形固定資産,,減価償却累計額及び減損損失累計額,,1,7,10A210270,Accumulated depreciation and impairment loss
　　　　　　　機械及び装置（純額）,0,有形固定資産,,機械及び装置（純額）,,1,7,10A210280,"Machinery and equipment, net"
　　　　　船舶及び水上運搬具,,有形固定資産,,船舶及び水上運搬具,,T,5,10A210290,Vessels and water delivery equipment
　　　　　　船舶,0,有形固定資産,,船舶,,1,6,10A210300,Vessels
　　　　　　　減価償却累計額,0,有形固定資産,,減価償却累計額,,1,7,10A210310,Accumulated depreciation
　　　　　　　減損損失累計額,0,有形固定資産,,減損損失累計額,,1,7,10A210320,Accumulated impairment loss
　　　　　　　減価償却累計額及び減損損失累計額,0,有形固定資産,,減価償却累計額及び減損損失累計額,,1,7,10A210330,Accumulated depreciation and impairment loss
　　　　　　　船舶（純額）,0,有形固定資産,,船舶（純額）,,1,7,10A210340,"Vessels, net"
　　　　　鉄道車両、自動車その他の陸上運搬具,,有形固定資産,,鉄道車両、自動車その他の陸上運搬具,,T,5,10A210350,"Railway, car and other land delivery equipment"
　　　　　　車両運搬具,0,有形固定資産,,車両運搬具,,1,6,10A210360,Vehicles
　　　　　　　減価償却累計額,0,有形固定資産,,減価償却累計額,,1,7,10A210370,Accumulated depreciation
　　　　　　　減損損失累計額,0,有形固定資産,,減損損失累計額,,1,7,10A210380,Accumulated impairment loss
　　　　　　　減価償却累計額及び減損損失累計額,0,有形固定資産,,減価償却累計額及び減損損失累計額,,1,7,10A210390,Accumulated depreciation and impairment loss
　　　　　　　車両運搬具（純額）,0,有形固定資産,,車両運搬具（純額）,,1,7,10A210400,"Vehicles, net"
　　　　　工具、器具及び備品,0,有形固定資産,,工具、器具及び備品,,1,5,10A210410,"Tools, furniture and fixtures"
　　　　　　減価償却累計額,0,有形固定資産,,減価償却累計額,,1,6,10A210420,Accumulated depreciation
　　　　　　減損損失累計額,0,有形固定資産,,減損損失累計額,,1,6,10A210430,Accumulated impairment loss
　　　　　　減価償却累計額及び減損損失累計額,0,有形固定資産,,減価償却累計額及び減損損失累計額,,1,6,10A210440,Accumulated depreciation and impairment loss
　　　　　　工具、器具及び備品（純額）,0,有形固定資産,,工具、器具及び備品（純額）,,1,6,10A210450,"Tools, furniture and fixtures, net"
　　　　　機械装置及び運搬具,0,有形固定資産,,機械装置及び運搬具,,1,5,10A210460,"Machinery, equipment and vehicles"
　　　　　　減価償却累計額,0,有形固定資産,,減価償却累計額,,1,6,10A210470,Accumulated depreciation
　　　　　　減損損失累計額,0,有形固定資産,,減損損失累計額,,1,6,10A210480,Accumulated impairment loss
　　　　　　減価償却累計額及び減損損失累計額,0,有形固定資産,,減価償却累計額及び減損損失累計額,,1,6,10A210490,Accumulated depreciation and impairment loss
　　　　　　機械装置及び運搬具（純額）,0,有形固定資産,,機械装置及び運搬具（純額）,,1,6,10A210500,"Machinery, equipment and vehicles, net"
　　　　　車両運搬具及び工具器具備品,0,有形固定資産,,車両運搬具及び工具器具備品,,1,5,10A210510,"Vehicles, tools, furniture and fixtures"
　　　　　　減価償却累計額,0,有形固定資産,,減価償却累計額,,1,6,10A210520,Accumulated depreciation
　　　　　　減損損失累計額,0,有形固定資産,,減損損失累計額,,1,6,10A210530,Accumulated impairment loss
　　　　　　減価償却累計額及び減損損失累計額,0,有形固定資産,,減価償却累計額及び減損損失累計額,,1,6,10A210540,Accumulated depreciation and impairment loss
　　　　　　車両運搬具及び工具器具備品（純額）,0,有形固定資産,,車両運搬具及び工具器具備品（純額）,,1,6,10A210550,"Vehicles, tools, furniture and fixtures, net"
　　　　　機械、運搬具及び工具器具備品,0,有形固定資産,,機械、運搬具及び工具器具備品,,1,5,10A210560,"Machinery, vehicles, tools, furniture and fixtures"
　　　　　　減価償却累計額,0,有形固定資産,,減価償却累計額,,1,6,10A210570,Accumulated depreciation
　　　　　　減損損失累計額,0,有形固定資産,,減損損失累計額,,1,6,10A210580,Accumulated impairment loss
　　　　　　減価償却累計額及び減損損失累計額,0,有形固定資産,,減価償却累計額及び減損損失累計額,,1,6,10A210590,Accumulated depreciation and impairment loss
　　　　　　機械、運搬具及び工具器具備品（純額）,0,有形固定資産,,機械、運搬具及び工具器具備品（純額）,,1,6,10A210600,"Machinery, vehicles, tools, furniture and fixtures, net"
　　　　　土地,0,有形固定資産,,土地,,1,5,10A210610,Land
　　　　　リース資産,0,有形固定資産,,リース資産,,1,5,10A210620,Leased assets
　　　　　　減価償却累計額,0,有形固定資産,,減価償却累計額,,1,6,10A210630,Accumulated depreciation
　　　　　　減損損失累計額,0,有形固定資産,,減損損失累計額,,1,6,10A210640,Accumulated impairment loss
　　　　　　減価償却累計額及び減損損失累計額,0,有形固定資産,,減価償却累計額及び減損損失累計額,,1,6,10A210650,Accumulated depreciation and impairment loss
　　　　　　リース資産（純額）,0,有形固定資産,,リース資産（純額）,,1,6,10A210660,"Leased assets, net"
　　　　　建設仮勘定,0,有形固定資産,,建設仮勘定,,1,5,10A210670,Construction in progress
　　　　　その他の有形固定資産で流動資産または投資たる資産に属しないもの,,有形固定資産,,その他の有形固定資産で流動資産または投資たる資産に属しないもの,,T,5,10A210680,Other tangible assets not classified as current assets or investments
　　　　　　航空機,0,有形固定資産,,航空機,,1,6,10A210690,Aircraft
　　　　　　　減価償却累計額,0,有形固定資産,,減価償却累計額,,1,7,10A210700,Accumulated depreciation
　　　　　　　航空機（純額）,0,有形固定資産,,航空機（純額）,,1,7,10A210710,"Aircraft, net"
　　　　　　山林,0,有形固定資産,,山林,,1,6,10A210720,Mountain forests
　　　　　　貸与資産,0,有形固定資産,,貸与資産,,1,6,10A210730,Assets for rent
　　　　　　　減価償却累計額,0,有形固定資産,,減価償却累計額,,1,7,10A210740,Accumulated depreciation
　　　　　　　貸与資産（純額）,0,有形固定資産,,貸与資産（純額）,,1,7,10A210750,"Assets for rent, net"
　　　　　　賃貸不動産,0,有形固定資産,,賃貸不動産,,1,6,10A210760,Real estate for rent
　　　　　　　減価償却累計額,0,有形固定資産,,減価償却累計額,,1,7,10A210770,Accumulated depreciation
　　　　　　　賃貸不動産（純額）,0,有形固定資産,,賃貸不動産（純額）,,1,7,10A210780,"Real estate for rent, net"
　　　　　　立木,0,有形固定資産,,立木,,1,6,10A210790,Trees
　　　　　　その他の設備,0,有形固定資産,,その他の設備,,1,6,10A210800,Other facilities
　　　　　　コース勘定,0,有形固定資産,,コース勘定,,1,6,10A210810,Golf courses
　　　　　　ドック船台,0,有形固定資産,,ドック船台,,1,6,10A210820,Docks and building berths
　　　　　　　減価償却累計額,0,有形固定資産,,減価償却累計額,,1,7,10A210830,Accumulated depreciation
　　　　　　　減損損失累計額,0,有形固定資産,,減損損失累計額,,1,7,10A210840,Accumulated impairment loss
　　　　　　　減価償却累計額及び減損損失累計額,0,有形固定資産,,減価償却累計額及び減損損失累計額,,1,7,10A210850,Accumulated depreciation and impairment loss
　　　　　　　ドック船台（純額）,0,有形固定資産,,ドック船台（純額）,,1,7,10A210860,"Docks and building berths, net"
　　　　　　その他,0,有形固定資産,,その他,,1,6,10A210870,Other
　　　　　　　減価償却累計額,0,有形固定資産,,減価償却累計額,,1,7,10A210880,Accumulated depreciation
　　　　　　　減損損失累計額,0,有形固定資産,,減損損失累計額,,1,7,10A210890,Accumulated impairment loss
　　　　　　　減価償却累計額及び減損損失累計額,0,有形固定資産,,減価償却累計額及び減損損失累計額,,1,7,10A210900,Accumulated depreciation and impairment loss
　　　　　　　その他（純額）,0,有形固定資産,,その他（純額）,,1,7,10A210910,"Other, net"
　　　　　減価償却累計額,0,有形固定資産,,減価償却累計額,,1,5,10A210920,Accumulated depreciation
　　　　　減損損失累計額,0,有形固定資産,,減損損失累計額,,1,5,10A210930,Accumulated impairment loss
　　　　　減価償却累計額及び減損損失累計額,0,有形固定資産,,減価償却累計額及び減損損失累計額,,1,5,10A210940,Accumulated depreciation and impairment loss
　　　　　有形固定資産,0,有形固定資産,,有形固定資産,,1,5,10A210950,"Property, plant and equipment"
　　　　無形固定資産,,無形固定資産,,無形固定資産,,T,4,10A220010,Intangible assets
　　　　　特許権,0,無形固定資産,,特許権,,1,5,10A220020,Patent right
　　　　　借地権,0,無形固定資産,,借地権,,1,5,10A220030,Leasehold interests in land
　　　　　地上権,,無形固定資産,,地上権,,T,5,10A220040,Surface right
　　　　　商標権,0,無形固定資産,,商標権,,1,5,10A220050,Trademark right
　　　　　実用新案権,0,無形固定資産,,実用新案権,,1,5,10A220060,Utility model right
　　　　　意匠権,0,無形固定資産,,意匠権,,1,5,10A220070,Design right
　　　　　鉱業権,0,無形固定資産,,鉱業権,,1,5,10A220080,Mining right
　　　　　漁業権,0,無形固定資産,,漁業権,,1,5,10A220090,Fishery right
　　　　　入漁権,,無形固定資産,,入漁権,,T,5,10A220100,Common of piscary
　　　　　ソフトウエア,0,無形固定資産,,ソフトウエア,,1,5,10A220110,Software
　　　　　ソフトウエア仮勘定,0,無形固定資産,,ソフトウエア仮勘定,,1,5,10A220120,Software in progress
　　　　　のれん,0,無形固定資産,,のれん,,1,5,10A220130,Goodwill
　　　　　リース資産,0,無形固定資産,,リース資産,,1,5,10A220140,Leased assets
　　　　　公共施設等運営権,0,無形固定資産,,公共施設等運営権,,1,5,10A220150,Right to operate public facilities
　　　　　仕掛研究開発,0,無形固定資産,,仕掛研究開発,,1,5,10A220160,In-process research and development
　　　　　その他の無形資産で流動資産又は投資たる資産に属しないもの,,無形固定資産,,その他の無形資産で流動資産又は投資たる資産に属しないもの,,T,5,10A220170,Other intangible assets not classified as current assets or investments
　　　　　　施設利用権,0,無形固定資産,,施設利用権,,1,6,10A220180,Right to use facilities
　　　　　　電話加入権,0,無形固定資産,,電話加入権,,1,6,10A220190,Telephone subscription right
　　　　　　電気供給施設利用権,0,無形固定資産,,電気供給施設利用権,,1,6,10A220200,Right to use electricity supply facilities
　　　　　　電気通信施設利用権,0,無形固定資産,,電気通信施設利用権,,1,6,10A220210,Right to use telecommunication facilities
　　　　　　電信電話専用施設利用権,0,無形固定資産,,電信電話専用施設利用権,,1,6,10A220220,Right to use telephone and telegraph facilities
　　　　　　公共施設利用権,0,無形固定資産,,公共施設利用権,,1,6,10A220230,Right to use public facilities
　　　　　　水道施設利用権,0,無形固定資産,,水道施設利用権,,1,6,10A220240,Right to use water facilities
　　　　　　その他の施設利用権,0,無形固定資産,,その他の施設利用権,,1,6,10A220250,Right to use other facilities
　　　　　　工業所有権,0,無形固定資産,,工業所有権,,1,6,10A220260,Industrial property
　　　　　　借家権,0,無形固定資産,,借家権,,1,6,10A220270,Leasehold interests in buildings
　　　　　　特許実施権,0,無形固定資産,,特許実施権,,1,6,10A220280,Right to use patent
　　　　　　水利権,0,無形固定資産,,水利権,,1,6,10A220290,Water right
　　　　　　版権,0,無形固定資産,,版権,,1,6,10A220300,Copyright
　　　　　　著作権,0,無形固定資産,,著作権,,1,6,10A220310,Copyright
　　　　　　その他,0,無形固定資産,,その他,,1,6,10A220320,Other
　　　　　無形固定資産,0,無形固定資産,,無形固定資産,,1,5,10A220330,Intangible assets
　　　　投資その他の資産,,投資その他の資産,,投資その他の資産,,T,4,10A230010,Investments and other assets
　　　　　関係会社株式その他流動資産に属しない有価証券,,投資その他の資産,,関係会社株式その他流動資産に属しない有価証券,,T,5,10A230020,Shares of subsidiaries and associates and other non-current securities
　　　　　　投資有価証券,0,投資その他の資産,,投資有価証券,,1,6,10A230030,Investment securities
　　　　　　関係会社株式,0,投資その他の資産,,関係会社株式,,1,6,10A230040,Shares of subsidiaries and associates
　　　　　　関係会社社債,0,投資その他の資産,,関係会社社債,,1,6,10A230050,Bonds of subsidiaries and associates
　　　　　　その他の関係会社有価証券,0,投資その他の資産,,その他の関係会社有価証券,,1,6,10A230060,Investments in other securities of subsidiaries and associates
　　　　　　営業投資有価証券,0,投資その他の資産,,営業投資有価証券,,1,6,10A230070,Operational investment securities
　　　　　出資金,,投資その他の資産,,出資金,,T,5,10A230080,Investments in capital
　　　　　　出資金,0,投資その他の資産,,出資金,,1,6,10A230090,Investments in capital
　　　　　　関係会社出資金,0,投資その他の資産,,関係会社出資金,,1,6,10A230100,Investments in capital of subsidiaries and associates
　　　　　　営業出資金,0,投資その他の資産,,営業出資金,,1,6,10A230110,Operating investments in capital
　　　　　　匿名組合出資金,0,投資その他の資産,,匿名組合出資金,,1,6,10A230120,Investments in silent partnerships
　　　　　長期貸付金,,投資その他の資産,,長期貸付金,,T,5,10A230130,Long-term loans receivable
　　　　　　長期貸付金,0,投資その他の資産,,長期貸付金,,1,6,10A230140,Long-term loans receivable
　　　　　　　貸倒引当金,0,投資その他の資産,,貸倒引当金,,1,7,10A230150,Allowance for doubtful accounts
　　　　　　　長期貸付金（純額）,0,投資その他の資産,,長期貸付金（純額）,,1,7,10A230160,"Long-term loans receivable, net"
　　　　　　関係会社長期貸付金,0,投資その他の資産,,関係会社長期貸付金,,1,6,10A230170,Long-term loans receivable from subsidiaries and associates
　　　　　　　貸倒引当金,0,投資その他の資産,,貸倒引当金,,1,7,10A230180,Allowance for doubtful accounts
　　　　　　　関係会社長期貸付金（純額）,0,投資その他の資産,,関係会社長期貸付金（純額）,,1,7,10A230190,"Long-term loans receivable from subsidiaries and associates, net"
　　　　　　株主、役員又は従業員に対する長期貸付金,0,投資その他の資産,,株主、役員又は従業員に対する長期貸付金,,1,6,10A230200,"Long-term loans receivable from shareholders, directors (and other officers) or employees"
　　　　　　　貸倒引当金,0,投資その他の資産,,貸倒引当金,,1,7,10A230210,Allowance for doubtful accounts
　　　　　　　株主、役員又は従業員に対する長期貸付金（純額）,0,投資その他の資産,,株主、役員又は従業員に対する長期貸付金（純額）,,1,7,10A230220,"Long-term loans receivable from shareholders, directors (and other officers) or employees, net"
　　　　　　従業員に対する長期貸付金,0,投資その他の資産,,従業員に対する長期貸付金,,1,6,10A230230,Long-term loans receivable from employees
　　　　　　　貸倒引当金,0,投資その他の資産,,貸倒引当金,,1,7,10A230240,Allowance for doubtful accounts
　　　　　　　従業員に対する長期貸付金（純額）,0,投資その他の資産,,従業員に対する長期貸付金（純額）,,1,7,10A230250,"Long-term loans receivable from employees, net"
　　　　　　役員及び従業員に対する長期貸付金,0,投資その他の資産,,役員及び従業員に対する長期貸付金,,1,6,10A230260,Long-term loans receivable from directors (and other officers) and employees
　　　　　　役員に対する長期貸付金,0,投資その他の資産,,役員に対する長期貸付金,,1,6,10A230270,Long-term loans receivable from directors (and other officers)
　　　　　前各号に掲げられるものの外、流動資産、有形固定資産、無形固定資産又は繰延資産に属するもの以外の長期資産,,投資その他の資産,,前各号に掲げられるものの外、流動資産、有形固定資産、無形固定資産又は繰延資産に属するもの以外の長期資産,,T,5,10A230280,Other long-term assets
　　　　　　親会社株式,0,投資その他の資産,,親会社株式,,1,6,10A230290,Shares of parent
　　　　　　破産更生債権等,0,投資その他の資産,,破産更生債権等,,1,6,10A230300,"Claims provable in bankruptcy, claims provable in rehabilitation and other"
　　　　　　　貸倒引当金,0,投資その他の資産,,貸倒引当金,,1,7,10A230310,Allowance for doubtful accounts
　　　　　　　破産更生債権等（純額）,0,投資その他の資産,,破産更生債権等（純額）,,1,7,10A230320,"Claims provable in bankruptcy, claims provable in rehabilitation and other, net"
　　　　　　長期前払費用,0,投資その他の資産,,長期前払費用,,1,6,10A230330,Long-term prepaid expenses
　　　　　　長期前払消費税等,0,投資その他の資産,,長期前払消費税等,,1,6,10A230340,Long-term prepaid consumption taxes
　　　　　　前払年金費用,0,投資その他の資産,,前払年金費用,,1,6,10A230350,Prepaid pension cost
　　　　　　退職給付に係る資産,0,投資その他の資産,,退職給付に係る資産,,1,6,10A230360,Retirement benefit asset
　　　　　　繰延税金資産,0,投資その他の資産,,繰延税金資産,,1,6,10A230370,Deferred tax assets
　　　　　　再評価に係る繰延税金資産,0,投資その他の資産,,再評価に係る繰延税金資産,,1,6,10A230380,Deferred tax assets for land revaluation
　　　　　　投資不動産,0,投資その他の資産,,投資不動産,,1,6,10A230390,Investment property
　　　　　　　減価償却累計額,0,投資その他の資産,,減価償却累計額,,1,7,10A230400,Accumulated depreciation
　　　　　　　減損損失累計額,0,投資その他の資産,,減損損失累計額,,1,7,10A230410,Accumulated impairment loss
　　　　　　　減価償却累計額及び減損損失累計額,0,投資その他の資産,,減価償却累計額及び減損損失累計額,,1,7,10A230420,Accumulated depreciation and impairment loss
　　　　　　　投資不動産（純額）,0,投資その他の資産,,投資不動産（純額）,,1,7,10A230430,"Investment property, net"
　　　　　　不動産信託受益権,0,投資その他の資産,,不動産信託受益権,,1,6,10A230440,Beneficial interests in real estate trust
　　　　　　信託土地,0,投資その他の資産,,信託土地,,1,6,10A230450,Land in trust
　　　　　　信託建物,0,投資その他の資産,,信託建物,,1,6,10A230460,Buildings in trust
　　　　　　リース投資資産,0,投資その他の資産,,リース投資資産,,1,6,10A230470,Investments in leases
　　　　　　デリバティブ債権,0,投資その他の資産,,デリバティブ債権,,1,6,10A230480,Derivatives
　　　　　　　為替予約,0,投資その他の資産,,為替予約,,1,7,10A230490,Forward exchange contracts
　　　　　　　金利スワップ資産,0,投資その他の資産,,金利スワップ資産,,1,7,10A230500,Interest rate swap assets
　　　　　　　金利スワップ,0,投資その他の資産,,金利スワップ,,1,7,10A230510,Interest rate swaps
　　　　　　　買建通貨オプション,0,投資その他の資産,,買建通貨オプション,,1,7,10A230520,Purchased currency options
　　　　　　　通貨オプション,0,投資その他の資産,,通貨オプション,,1,7,10A230530,Currency options
　　　　　　　オプション資産,0,投資その他の資産,,オプション資産,,1,7,10A230540,Options
　　　　　　長期預け金,0,投資その他の資産,,長期預け金,,1,6,10A230550,Long-term deposits
　　　　　　長期預金,0,投資その他の資産,,長期預金,,1,6,10A230560,Long-term time deposits
　　　　　　保険積立金,0,投資その他の資産,,保険積立金,,1,6,10A230570,Insurance funds
　　　　　　生命保険積立金,0,投資その他の資産,,生命保険積立金,,1,6,10A230580,Life insurance funds
　　　　　　団体生命保険金,0,投資その他の資産,,団体生命保険金,,1,6,10A230590,Group life insurance
　　　　　　会員権,0,投資その他の資産,,会員権,,1,6,10A230600,Membership
　　　　　　　ゴルフ会員権,0,投資その他の資産,,ゴルフ会員権,,1,7,10A230610,Golf club membership
　　　　　　　施設利用会員権,0,投資その他の資産,,施設利用会員権,,1,7,10A230620,Facility membership
　　　　　　差入保証金,0,投資その他の資産,,差入保証金,,1,6,10A230630,Guarantee deposits
　　　　　　関係会社長期未収入金,0,投資その他の資産,,関係会社長期未収入金,,1,6,10A230640,Long-term accounts receivable from subsidiaries and associates - other
　　　　　　敷金,0,投資その他の資産,,敷金,,1,6,10A230650,Leasehold deposits
　　　　　　敷金及び保証金,0,投資その他の資産,,敷金及び保証金,,1,6,10A230660,Leasehold and guarantee deposits
　　　　　　固定化営業債権,0,投資その他の資産,,固定化営業債権,,1,6,10A230670,Bad debts
　　　　　　事業保険積立金,0,投資その他の資産,,事業保険積立金,,1,6,10A230680,Business insurance funds
　　　　　　事業保険金,0,投資その他の資産,,事業保険金,,1,6,10A230690,Business insurance
　　　　　　入会金,0,投資その他の資産,,入会金,,1,6,10A230700,Admission fee
　　　　　　入会保証金,0,投資その他の資産,,入会保証金,,1,6,10A230710,Deposits on admission
　　　　　　信託受益権,0,投資その他の資産,,信託受益権,,1,6,10A230720,Beneficial interests in trust
　　　　　　長期営業外未収入金,0,投資その他の資産,,長期営業外未収入金,,1,6,10A230730,Long-term non-operating accounts receivable
　　　　　　長期未収入金,0,投資その他の資産,,長期未収入金,,1,6,10A230740,Long-term accounts receivable - other
　　　　　　建設協力金,0,投資その他の資産,,建設協力金,,1,6,10A230750,Construction assistance fund receivables
　　　　　　店舗賃借仮勘定,0,投資その他の資産,,店舗賃借仮勘定,,1,6,10A230760,Deposits for stores in preparation
　　　　　　役員退職積立金,0,投資その他の資産,,役員退職積立金,,1,6,10A230770,Fund for retirement benefits for directors (and other officers)
　　　　　　役員に対する保険積立金,0,投資その他の資産,,役員に対する保険積立金,,1,6,10A230780,Insurance funds for directors (and other officers)
　　　　　　長期投資,0,投資その他の資産,,長期投資,,1,6,10A230790,Long-term investments
　　　　　　その他,0,投資その他の資産,,その他,,1,6,10A230800,Other
　　　　　　投資その他の資産に属する資産に係る引当金,,投資その他の資産,,投資その他の資産に属する資産に係る引当金,,T,6,10A230810,Allowance - investment and other assets
　　　　　　　貸倒引当金,0,投資その他の資産,,貸倒引当金,,1,7,10A230820,Allowance for doubtful accounts
　　　　　　　投資損失引当金,0,投資その他の資産,,投資損失引当金,,1,7,10A230830,Allowance for investment loss
　　　　　投資その他の資産,0,投資その他の資産,,投資その他の資産,,1,5,10A230840,"Investments and other assets, gross"
　　　　　減価償却累計額,0,投資その他の資産,,減価償却累計額,,1,5,10A230850,Accumulated depreciation
　　　　　減損損失累計額,0,投資その他の資産,,減損損失累計額,,1,5,10A230860,Accumulated impairment loss
　　　　　減価償却累計額及び減損損失累計額,0,投資その他の資産,,減価償却累計額及び減損損失累計額,,1,5,10A230870,Accumulated depreciation and impairment loss
　　　　　投資その他の資産,0,投資その他の資産,,投資その他の資産,,1,5,10A230880,Investments and other assets
　　　　固定資産,0,固定資産,,固定資産,,1,4,10A200020,Non-current assets
　　　繰延資産,,繰延資産,,繰延資産,,T,3,10A300010,Deferred assets
　　　　創立費,0,繰延資産,,創立費,,1,4,10A300020,Organization expenses
　　　　開業費,0,繰延資産,,開業費,,1,4,10A300030,Business commencement expenses
　　　　株式交付費,0,繰延資産,,株式交付費,,1,4,10A300040,Share issuance cost
　　　　社債発行費,0,繰延資産,,社債発行費,,1,4,10A300050,Bond issuance cost
　　　　開発費,0,繰延資産,,開発費,,1,4,10A300060,Development expenses
　　　　その他,0,繰延資産,,その他,,1,4,10A300070,Other
　　　　繰延資産,0,繰延資産,,繰延資産,,1,4,10A300080,Deferred assets
　　　資産,0,資産,,資産,,1,3,10A000020,Assets
　　負債の部,,負債,,負債の部,,T,2,10B000010,Liabilities
　　　流動負債,,流動負債,,流動負債,,T,3,10B100010,Current liabilities
　　　　支払手形及び買掛金,0,流動負債,,支払手形及び買掛金,,1,4,10B100020,Notes and accounts payable - trade
　　　　支払手形,0,流動負債,,支払手形,,1,4,10B100030,Notes payable - trade
　　　　買掛金,0,流動負債,,買掛金,,1,4,10B100040,Accounts payable - trade
　　　　営業未払金,0,流動負債,,営業未払金,,1,4,10B100050,Trade accounts payable
　　　　支払手形及び営業未払金,0,流動負債,,支払手形及び営業未払金,,1,4,10B100060,Trade notes and accounts payable
　　　　電子記録債務,0,流動負債,,電子記録債務,,1,4,10B100070,Electronically recorded obligations - operating
　　　　業務未払金,0,流動負債,,業務未払金,,1,4,10B100080,Accounts payable - operating
　　　　受託販売未払金,0,流動負債,,受託販売未払金,,1,4,10B100090,Accounts payable - consignment
　　　　不動産事業未払金,0,流動負債,,不動産事業未払金,,1,4,10B100100,Accounts payable - real estate business
　　　　加盟店借勘定,0,流動負債,,加盟店借勘定,,1,4,10B100110,Accounts payable - due to franchised stores
　　　　商品券,0,流動負債,,商品券,,1,4,10B100120,Gift certificates
　　　　未成業務受入金,0,流動負債,,未成業務受入金,,1,4,10B100130,Advances received on service contracts in progress
　　　　不動産事業受入金,0,流動負債,,不動産事業受入金,,1,4,10B100140,Deposits received - real estate business
　　　　未払金及び未払費用,0,流動負債,,未払金及び未払費用,,1,4,10B100150,"Accounts payable - other, and accrued expenses"
　　　　未払費用,0,流動負債,,未払費用,,1,4,10B100160,Accrued expenses
　　　　前受金,0,流動負債,,前受金,,1,4,10B100170,Advances received
　　　　前受工事負担金,0,流動負債,,前受工事負担金,,1,4,10B100180,Deferred contribution for construction
　　　　前受収益,0,流動負債,,前受収益,,1,4,10B100190,Unearned revenue
　　　　リース債務,0,流動負債,,リース債務,,1,4,10B100200,Lease obligations
　　　　資産除去債務,0,流動負債,,資産除去債務,,1,4,10B100210,Asset retirement obligations
　　　　公共施設等運営権に係る負債,0,流動負債,,公共施設等運営権に係る負債,,1,4,10B100220,Liabilities related to right to operate public facilities
　　　　デリバティブ債務,0,流動負債,,デリバティブ債務,,1,4,10B100230,Derivatives liabilities
　　　　　為替予約,0,流動負債,,為替予約,,1,5,10B100240,Forward exchange contracts
　　　　　金利スワップ負債,0,流動負債,,金利スワップ負債,,1,5,10B100250,Interest rate swap liabilities
　　　　　金利スワップ,0,流動負債,,金利スワップ,,1,5,10B100260,Interest rate swaps
　　　　　売建通貨オプション,0,流動負債,,売建通貨オプション,,1,5,10B100270,Sold currency options
　　　　　通貨オプション,0,流動負債,,通貨オプション,,1,5,10B100280,Currency options
　　　　　オプション負債,0,流動負債,,オプション負債,,1,5,10B100290,Options
　　　　引当金,,流動負債,,引当金,,T,4,10B100300,Provisions
　　　　　製品保証引当金,0,流動負債,,製品保証引当金,,1,5,10B100310,Provision for product warranties
　　　　　賞与引当金,0,流動負債,,賞与引当金,,1,5,10B100320,Provision for bonuses
　　　　　修繕引当金,0,流動負債,,修繕引当金,,1,5,10B100330,Provision for repairs
　　　　　役員賞与引当金,0,流動負債,,役員賞与引当金,,1,5,10B100340,Provision for bonuses for directors (and other officers)
　　　　　債務保証損失引当金,0,流動負債,,債務保証損失引当金,,1,5,10B100350,Provision for loss on guarantees
　　　　　ポイント引当金,0,流動負債,,ポイント引当金,,1,5,10B100360,Provision for point card certificates
　　　　　株主優待引当金,0,流動負債,,株主優待引当金,,1,5,10B100370,Provision for shareholder benefit program
　　　　　売上割戻引当金,0,流動負債,,売上割戻引当金,,1,5,10B100380,Provision for sales rebates
　　　　　工事損失引当金,0,流動負債,,工事損失引当金,,1,5,10B100390,Provision for loss on construction contracts
　　　　　完成工事補償引当金,0,流動負債,,完成工事補償引当金,,1,5,10B100400,Provision for warranties for completed construction
　　　　　店舗閉鎖損失引当金,0,流動負債,,店舗閉鎖損失引当金,,1,5,10B100410,Provision for loss on store closings
　　　　　販売促進引当金,0,流動負債,,販売促進引当金,,1,5,10B100420,Provision for sales promotion expenses
　　　　　返品調整引当金,0,流動負債,,返品調整引当金,,1,5,10B100430,Provision for sales returns
　　　　　受注損失引当金,0,流動負債,,受注損失引当金,,1,5,10B100440,Provision for loss on order received
　　　　　関係会社整理損失引当金,0,流動負債,,関係会社整理損失引当金,,1,5,10B100450,Provision for loss on liquidation of subsidiaries and associates
　　　　　事業整理損失引当金,0,流動負債,,事業整理損失引当金,,1,5,10B100460,Provision for loss on business liquidation
　　　　　関係会社事業損失引当金,0,流動負債,,関係会社事業損失引当金,,1,5,10B100470,Provision for loss on business of subsidiaries and associates
　　　　　事業構造改善引当金,0,流動負債,,事業構造改善引当金,,1,5,10B100480,Provision for business restructuring
　　　　　環境対策引当金,0,流動負債,,環境対策引当金,,1,5,10B100490,Provision for environmental measures
　　　　　訴訟損失引当金,0,流動負債,,訴訟損失引当金,,1,5,10B100500,Provision for loss on litigation
　　　　　利息返還損失引当金,0,流動負債,,利息返還損失引当金,,1,5,10B100510,Provision for loss on interest repayment
　　　　　偶発損失引当金,0,流動負債,,偶発損失引当金,,1,5,10B100520,Provision for contingent loss
　　　　　ローン保証引当金,0,流動負債,,ローン保証引当金,,1,5,10B100530,Provision for guarantee for loans
　　　　　災害損失引当金,0,流動負債,,災害損失引当金,,1,5,10B100540,Provision for loss on disaster
　　　　　受注工事損失引当金,0,流動負債,,受注工事損失引当金,,1,5,10B100550,Provision for loss on construction contracts
　　　　　船舶保証工事引当金,0,流動負債,,船舶保証工事引当金,,1,5,10B100560,Provision for construction warranties for vessel
　　　　　保証工事引当金,0,流動負債,,保証工事引当金,,1,5,10B100570,Provision for construction warranties
　　　　　株式給付引当金,0,流動負債,,株式給付引当金,,1,5,10B100580,Provision for share-based remuneration
　　　　　役員株式給付引当金,0,流動負債,,役員株式給付引当金,,1,5,10B100590,Provision for share-based remuneration for directors (and other officers)
　　　　　その他の引当金,0,流動負債,,その他の引当金,,1,5,10B100600,Other provisions
　　　　　引当金,0,流動負債,,引当金,,1,5,10B100610,Provisions
　　　　通常の取引に関連して発生する未払金又は預り金で一般の取引慣行として発生後短期間に支払われるもの,,流動負債,,通常の取引に関連して発生する未払金又は預り金で一般の取引慣行として発生後短期間に支払われるもの,,T,4,10B100620,"Accounts payable - ordinary transactions, paid in short term"
　　　　　未払金,0,流動負債,,未払金,,1,5,10B100630,Accounts payable - other
　　　　　未払法人税等,0,流動負債,,未払法人税等,,1,5,10B100640,Income taxes payable
　　　　　未払事業所税,0,流動負債,,未払事業所税,,1,5,10B100650,Accrued business office tax
　　　　　未払消費税等,0,流動負債,,未払消費税等,,1,5,10B100660,Accrued consumption taxes
　　　　　未払税金,0,流動負債,,未払税金,,1,5,10B100670,Accrued taxes
　　　　　未払酒税,0,流動負債,,未払酒税,,1,5,10B100680,Accrued alcohol tax
　　　　　預り金,0,流動負債,,預り金,,1,5,10B100690,Deposits received
　　　　　関係会社預り金,0,流動負債,,関係会社預り金,,1,5,10B100700,Deposits received from subsidiaries and associates
　　　　　未払代理店手数料,0,流動負債,,未払代理店手数料,,1,5,10B100710,Accrued agency commission
　　　　　1年内返還予定の預り保証金,0,流動負債,,1年内返還予定の預り保証金,,1,5,10B100720,Current portion of guarantee deposits received
　　　　その他の負債で1年内に支払又は返済されると認められるもの,,流動負債,,その他の負債で1年内に支払又は返済されると認められるもの,,T,4,10B100730,Other liabilities - payable within one year
　　　　　設備関係支払手形,0,流動負債,,設備関係支払手形,,1,5,10B100740,Notes payable - facilities
　　　　　設備関係未払金,0,流動負債,,設備関係未払金,,1,5,10B100750,Accounts payable - facilities
　　　　　営業外支払手形,0,流動負債,,営業外支払手形,,1,5,10B100760,Non-operating notes payable
　　　　　営業外電子記録債務,0,流動負債,,営業外電子記録債務,,1,5,10B100770,Electronically recorded obligations - non-operating
　　　　　短期社債,0,流動負債,,短期社債,,1,5,10B100780,Short-term bonds payable
　　　　　短期借入金,0,流動負債,,短期借入金,,1,5,10B100790,Short-term borrowings
　　　　　関係会社短期借入金,0,流動負債,,関係会社短期借入金,,1,5,10B100800,Short-term borrowings from subsidiaries and associates
　　　　　コマーシャル・ペーパー,0,流動負債,,コマーシャル・ペーパー,,1,5,10B100810,Commercial papers
　　　　　1年内償還予定の社債,0,流動負債,,1年内償還予定の社債,,1,5,10B100820,Current portion of bonds
　　　　　1年内返済予定の長期借入金,0,流動負債,,1年内返済予定の長期借入金,,1,5,10B100830,Current portion of long-term borrowings
　　　　　1年内返済予定の関係会社長期借入金,0,流動負債,,1年内返済予定の関係会社長期借入金,,1,5,10B100840,Current portion of long-term borrowings from subsidiaries and associates
　　　　　1年内償還予定の転換社債,0,流動負債,,1年内償還予定の転換社債,,1,5,10B100850,Current portion of convertible bonds
　　　　　1年内償還予定の新株予約権付社債,0,流動負債,,1年内償還予定の新株予約権付社債,,1,5,10B100860,Current portion of bonds with share acquisition rights
　　　　　1年内期限到来予定のその他の固定負債,0,流動負債,,1年内期限到来予定のその他の固定負債,,1,5,10B100870,Current portion of other non-current liabilities
　　　　　仮受金,0,流動負債,,仮受金,,1,5,10B100880,Suspense receipt
　　　　　仮受消費税等,0,流動負債,,仮受消費税等,,1,5,10B100890,Suspense receipt of consumption taxes
　　　　　未払賞与,0,流動負債,,未払賞与,,1,5,10B100900,Accrued bonuses
　　　　　未払役員報酬,0,流動負債,,未払役員報酬,,1,5,10B100910,Remuneration payable for directors (and other officers)
　　　　　未払配当金,0,流動負債,,未払配当金,,1,5,10B100920,Dividends payable
　　　　　株主、役員又は従業員からの短期借入金,0,流動負債,,株主、役員又は従業員からの短期借入金,,1,5,10B100930,"Short-term borrowings from shareholders, directors (and other officers) or employees"
　　　　　株主、役員又は従業員からの預り金,0,流動負債,,株主、役員又は従業員からの預り金,,1,5,10B100940,"Deposits received from shareholders, directors (and other officers) or employees"
　　　　　従業員預り金,0,流動負債,,従業員預り金,,1,5,10B100950,Deposits received from employees
　　　　圧縮未決算特別勘定,0,流動負債,,圧縮未決算特別勘定,,1,4,10B100960,Special suspense account for tax purpose reduction entry
　　　　リース資産減損勘定,0,流動負債,,リース資産減損勘定,,1,4,10B100970,Accumulated impairment loss on leased assets
　　　　持分法適用に伴う負債,0,流動負債,,持分法適用に伴う負債,,1,4,10B100980,Liabilities from application of equity method
　　　　企業結合に係る特定勘定,0,流動負債,,企業結合に係る特定勘定,,1,4,10B100990,Provision incurred from business combination
　　　　組織再編により生じた株式の特別勘定,0,流動負債,,組織再編により生じた株式の特別勘定,,1,4,10B101000,Special account for shares arising from restructuring
　　　　割賦利益繰延,0,流動負債,,割賦利益繰延,,1,4,10B101010,Deferred installment income
　　　　借入有価証券,0,流動負債,,借入有価証券,,1,4,10B101020,Securities borrowed
　　　　信用保証買掛金,0,流動負債,,信用保証買掛金,,1,4,10B101030,Accounts payable - credit guarantee
　　　　貸借取引担保金,0,流動負債,,貸借取引担保金,,1,4,10B101040,Collateral money received for loan transactions
　　　　貸付有価証券代り金,0,流動負債,,貸付有価証券代り金,,1,4,10B101050,Collateral money received for securities lent
　　　　その他,0,流動負債,,その他,,1,4,10B101060,Other
　　　　流動負債,0,流動負債,,流動負債,,1,4,10B101070,Current liabilities
　　　固定負債,,固定負債,,固定負債,,T,3,10B200010,Non-current liabilities
　　　　社債,,固定負債,,社債,,T,4,10B200020,Bonds payable
　　　　　社債,0,固定負債,,社債,,1,5,10B200030,Bonds payable
　　　　　転換社債,0,固定負債,,転換社債,,1,5,10B200040,Convertible bonds
　　　　　転換社債型新株予約権付社債,0,固定負債,,転換社債型新株予約権付社債,,1,5,10B200050,Convertible bond-type bonds with share acquisition rights
　　　　　新株予約権付社債,0,固定負債,,新株予約権付社債,,1,5,10B200060,Bonds with share acquisition rights
　　　　長期借入金,,固定負債,,長期借入金,,T,4,10B200070,Long-term borrowings
　　　　　長期借入金,0,固定負債,,長期借入金,,1,5,10B200080,Long-term borrowings
　　　　　株主、役員又は従業員からの長期借入金,0,固定負債,,株主、役員又は従業員からの長期借入金,,1,5,10B200090,"Long-term borrowings from shareholders, directors (and other officers) or employees"
　　　　　関係会社長期借入金,0,固定負債,,関係会社長期借入金,,1,5,10B200100,Long-term borrowings from subsidiaries and associates
　　　　引当金,,固定負債,,引当金,,T,4,10B200110,Provisions
　　　　　退職給付引当金,0,固定負債,,退職給付引当金,,1,5,10B200120,Provision for retirement benefits
　　　　　役員退職慰労引当金,0,固定負債,,役員退職慰労引当金,,1,5,10B200130,Provision for retirement benefits for directors (and other officers)
　　　　　債務保証損失引当金,0,固定負債,,債務保証損失引当金,,1,5,10B200140,Provision for loss on guarantees
　　　　　ポイント引当金,0,固定負債,,ポイント引当金,,1,5,10B200150,Provision for point card certificates
　　　　　特別修繕引当金,0,固定負債,,特別修繕引当金,,1,5,10B200160,Provision for special repairs
　　　　　修繕引当金,0,固定負債,,修繕引当金,,1,5,10B200170,Provision for repairs
　　　　　製品保証引当金,0,固定負債,,製品保証引当金,,1,5,10B200180,Provision for product warranties
　　　　　関係会社整理損失引当金,0,固定負債,,関係会社整理損失引当金,,1,5,10B200190,Provision for loss on liquidation of subsidiaries and associates
　　　　　事業整理損失引当金,0,固定負債,,事業整理損失引当金,,1,5,10B200200,Provision for loss on business liquidation
　　　　　関係会社事業損失引当金,0,固定負債,,関係会社事業損失引当金,,1,5,10B200210,Provision for loss on business of subsidiaries and associates
　　　　　事業構造改善引当金,0,固定負債,,事業構造改善引当金,,1,5,10B200220,Provision for business restructuring
　　　　　環境対策引当金,0,固定負債,,環境対策引当金,,1,5,10B200230,Provision for environmental measures
　　　　　訴訟損失引当金,0,固定負債,,訴訟損失引当金,,1,5,10B200240,Provision for loss on litigation
　　　　　利息返還損失引当金,0,固定負債,,利息返還損失引当金,,1,5,10B200250,Provision for loss on interest repayment
　　　　　偶発損失引当金,0,固定負債,,偶発損失引当金,,1,5,10B200260,Provision for contingent loss
　　　　　災害損失引当金,0,固定負債,,災害損失引当金,,1,5,10B200270,Provision for loss on disaster
　　　　　株式給付引当金,0,固定負債,,株式給付引当金,,1,5,10B200280,Provision for share-based remuneration
　　　　　役員株式給付引当金,0,固定負債,,役員株式給付引当金,,1,5,10B200290,Provision for share-based remuneration for directors (and other officers)
　　　　　その他の引当金,0,固定負債,,その他の引当金,,1,5,10B200300,Other provisions
　　　　　引当金,0,固定負債,,引当金,,1,5,10B200310,Provisions
　　　　退職給付に係る負債,0,固定負債,,退職給付に係る負債,,1,4,10B200320,Retirement benefit liability
　　　　負ののれん,0,固定負債,,負ののれん,,1,4,10B200330,Negative goodwill
　　　　リース債務,0,固定負債,,リース債務,,1,4,10B200340,Lease obligations
　　　　資産除去債務,0,固定負債,,資産除去債務,,1,4,10B200350,Asset retirement obligations
　　　　公共施設等運営権に係る負債,0,固定負債,,公共施設等運営権に係る負債,,1,4,10B200360,Liabilities related to right to operate public facilities
　　　　その他の負債で流動負債に属しないもの,,固定負債,,その他の負債で流動負債に属しないもの,,T,4,10B200370,Other liabilities - not current liabilities
　　　　　受入保証金,0,固定負債,,受入保証金,,1,5,10B200380,Guarantee deposits received
　　　　　長期預り金,0,固定負債,,長期預り金,,1,5,10B200390,Long-term deposits received
　　　　　会員預り金,0,固定負債,,会員預り金,,1,5,10B200400,Deposits received from members
　　　　　長期割賦未払金,0,固定負債,,長期割賦未払金,,1,5,10B200410,Long-term accounts payable - installment purchase
　　　　　受入敷金保証金,0,固定負債,,受入敷金保証金,,1,5,10B200420,Leasehold and guarantee deposits received
　　　　　長期設備関係支払手形,0,固定負債,,長期設備関係支払手形,,1,5,10B200430,Long-term notes payable - facilities
　　　　　長期設備関係未払金,0,固定負債,,長期設備関係未払金,,1,5,10B200440,Long-term accounts payable - facilities
　　　　　長期前受金,0,固定負債,,長期前受金,,1,5,10B200450,Long-term advances received
　　　　　長期前受工事負担金,0,固定負債,,長期前受工事負担金,,1,5,10B200460,Long-term deferred contribution for construction
　　　　　長期預り敷金,0,固定負債,,長期預り敷金,,1,5,10B200470,Long-term leasehold deposits received
　　　　　長期預り敷金保証金,0,固定負債,,長期預り敷金保証金,,1,5,10B200480,Long-term leasehold and guarantee deposits received
　　　　　長期預り保証金,0,固定負債,,長期預り保証金,,1,5,10B200490,Long-term guarantee deposits
　　　　　保険契約準備金,0,固定負債,,保険契約準備金,,1,5,10B200500,Reserve for contract of insurance
　　　　　長期未払金,0,固定負債,,長期未払金,,1,5,10B200510,Long-term accounts payable - other
　　　　　長期前受収益,0,固定負債,,長期前受収益,,1,5,10B200520,Long-term unearned revenue
　　　　　デリバティブ債務,0,固定負債,,デリバティブ債務,,1,5,10B200530,Derivatives liabilities
　　　　　　為替予約,0,固定負債,,為替予約,,1,6,10B200540,Forward exchange contracts
　　　　　　金利スワップ負債,0,固定負債,,金利スワップ負債,,1,6,10B200550,Interest rate swap liabilities
　　　　　　金利スワップ,0,固定負債,,金利スワップ,,1,6,10B200560,Interest rate swaps
　　　　　　売建通貨オプション,0,固定負債,,売建通貨オプション,,1,6,10B200570,Sold currency options
　　　　　　通貨オプション,0,固定負債,,通貨オプション,,1,6,10B200580,Currency options
　　　　　　オプション負債,0,固定負債,,オプション負債,,1,6,10B200590,Options
　　　　　長期リース資産減損勘定,0,固定負債,,長期リース資産減損勘定,,1,5,10B200600,Accumulated impairment loss on long-term leased assets
　　　　　繰延税金負債,0,固定負債,,繰延税金負債,,1,5,10B200610,Deferred tax liabilities
　　　　　再評価に係る繰延税金負債,0,固定負債,,再評価に係る繰延税金負債,,1,5,10B200620,Deferred tax liabilities for land revaluation
　　　　　持分法適用に伴う負債,0,固定負債,,持分法適用に伴う負債,,1,5,10B200630,Liabilities from application of equity method
　　　　　企業結合に係る特定勘定,0,固定負債,,企業結合に係る特定勘定,,1,5,10B200640,Provision incurred from business combination
　　　　　組織再編により生じた株式の特別勘定,0,固定負債,,組織再編により生じた株式の特別勘定,,1,5,10B200650,Special account for shares arising from restructuring
　　　　　その他,0,固定負債,,その他,,1,5,10B200660,Other
　　　　固定負債,0,固定負債,,固定負債,,1,4,10B200670,Non-current liabilities
　　　特別法上の準備金,,特別法上の準備金等,,特別法上の準備金,,T,3,10B300010,Reserves under special laws
　　　　特別法上の準備金,0,特別法上の準備金等,,特別法上の準備金,,1,4,10B300020,Reserves under special laws
　　　特別法上の引当金,,特別法上の準備金等,,特別法上の引当金,,T,3,10B300030,Reserves under special laws
　　　　特別法上の引当金,0,特別法上の準備金等,,特別法上の引当金,,1,4,10B300040,Reserves under special laws
　　　負債,0,負債,,負債,,1,3,10B000020,Liabilities
　　純資産の部,,純資産,,純資産の部,,T,2,10C000010,Net assets
　　　株主資本,,株主資本,,株主資本,,T,3,10C100010,Shareholders' equity
　　　　資本金,0,資本金,,資本金,,1,4,10C110010,Share capital
　　　　新株式申込証拠金,0,資本金,,新株式申込証拠金,,1,4,10C110020,Deposit for subscriptions to shares
　　　　資本剰余金,,資本剰余金,,資本剰余金,,T,4,10C120010,Capital surplus
　　　　　資本準備金,0,資本剰余金,,資本準備金,,1,5,10C120020,Legal capital surplus
　　　　　その他資本剰余金,0,資本剰余金,,その他資本剰余金,,1,5,10C120030,Other capital surplus
　　　　　資本剰余金,0,資本剰余金,,資本剰余金,,1,5,10C120040,Capital surplus
　　　　利益剰余金,,利益剰余金,,利益剰余金,,T,4,10C130010,Retained earnings
　　　　　利益準備金,0,利益剰余金,,利益準備金,,1,5,10C130020,Legal retained earnings
　　　　　その他利益剰余金,,利益剰余金,,その他利益剰余金,,T,5,10C130030,Other retained earnings
　　　　　　減債積立金,0,利益剰余金,,減債積立金,,1,6,10C130040,Reserve for bond sinking fund
　　　　　　中間配当積立金,0,利益剰余金,,中間配当積立金,,1,6,10C130050,Reserve for interim dividends
　　　　　　配当平均積立金,0,利益剰余金,,配当平均積立金,,1,6,10C130060,Reserve for dividend equalization
　　　　　　事業拡張積立金,0,利益剰余金,,事業拡張積立金,,1,6,10C130070,Reserve for business expansion
　　　　　　自家保険積立金,0,利益剰余金,,自家保険積立金,,1,6,10C130080,Reserve for private insurance
　　　　　　固定資産圧縮積立金,0,利益剰余金,,固定資産圧縮積立金,,1,6,10C130090,Reserve for tax purpose reduction entry of non-current assets
　　　　　　固定資産圧縮特別勘定積立金,0,利益剰余金,,固定資産圧縮特別勘定積立金,,1,6,10C130100,Reserve for special account for tax purpose reduction entry of non-current assets
　　　　　　特別償却準備金,0,利益剰余金,,特別償却準備金,,1,6,10C130110,Reserve for special depreciation
　　　　　　プログラム等準備金,0,利益剰余金,,プログラム等準備金,,1,6,10C130120,Reserve for software programs
　　　　　　海外投資等損失準備金,0,利益剰余金,,海外投資等損失準備金,,1,6,10C130130,Reserve for overseas investment loss
　　　　　　研究開発積立金,0,利益剰余金,,研究開発積立金,,1,6,10C130140,Reserve for research and development
　　　　　　配当積立金,0,利益剰余金,,配当積立金,,1,6,10C130150,Reserve for dividends
　　　　　　配当準備金,0,利益剰余金,,配当準備金,,1,6,10C130160,Reserve for dividends
　　　　　　配当準備積立金,0,利益剰余金,,配当準備積立金,,1,6,10C130170,Reserve for dividends
　　　　　　配当引当積立金,0,利益剰余金,,配当引当積立金,,1,6,10C130180,Reserve for dividends
　　　　　　退職給与積立金,0,利益剰余金,,退職給与積立金,,1,6,10C130190,Reserve for retirement allowance
　　　　　　退職積立金,0,利益剰余金,,退職積立金,,1,6,10C130200,Reserve for retirement allowance
　　　　　　退職手当積立金,0,利益剰余金,,退職手当積立金,,1,6,10C130210,Reserve for retirement allowance
　　　　　　退職慰労積立金,0,利益剰余金,,退職慰労積立金,,1,6,10C130220,Reserve for retirement allowance
　　　　　　役員退職積立金,0,利益剰余金,,役員退職積立金,,1,6,10C130230,Reserve for retirement allowance for directors (and other officers)
　　　　　　圧縮記帳積立金,0,利益剰余金,,圧縮記帳積立金,,1,6,10C130240,Reserve for tax purpose reduction entry
　　　　　　圧縮積立金,0,利益剰余金,,圧縮積立金,,1,6,10C130250,Reserve for tax purpose reduction entry
　　　　　　土地圧縮積立金,0,利益剰余金,,土地圧縮積立金,,1,6,10C130260,Reserve for tax purpose reduction entry of land
　　　　　　建物圧縮積立金,0,利益剰余金,,建物圧縮積立金,,1,6,10C130270,Reserve for tax purpose reduction entry of buildings
　　　　　　不動産圧縮積立金,0,利益剰余金,,不動産圧縮積立金,,1,6,10C130280,Reserve for tax purpose reduction entry of real estate
　　　　　　資産圧縮積立金,0,利益剰余金,,資産圧縮積立金,,1,6,10C130290,Reserve for tax purpose reduction entry of assets
　　　　　　償却資産圧縮積立金,0,利益剰余金,,償却資産圧縮積立金,,1,6,10C130300,Reserve for tax purpose reduction entry of depreciable assets
　　　　　　買換資産圧縮積立金,0,利益剰余金,,買換資産圧縮積立金,,1,6,10C130310,Reserve for tax purpose reduction entry of replacement assets
　　　　　　買換資産積立金,0,利益剰余金,,買換資産積立金,,1,6,10C130320,Reserve for property replacement
　　　　　　特別償却積立金,0,利益剰余金,,特別償却積立金,,1,6,10C130330,Reserve for special depreciation
　　　　　　特別積立金,0,利益剰余金,,特別積立金,,1,6,10C130340,Special reserve
　　　　　　任意積立金,0,利益剰余金,,任意積立金,,1,6,10C130350,Voluntary retained earnings
　　　　　　別途積立金,0,利益剰余金,,別途積立金,,1,6,10C130360,General reserve
　　　　　　繰越利益剰余金,0,利益剰余金,,繰越利益剰余金,,1,6,10C130370,Retained earnings brought forward
　　　　　　その他利益剰余金,0,利益剰余金,,その他利益剰余金,,1,6,10C130380,Other retained earnings
　　　　　利益剰余金,0,利益剰余金,,利益剰余金,,1,5,10C130390,Retained earnings
　　　　自己株式,0,株主資本,,自己株式,,1,4,10C100020,Treasury shares
　　　　自己株式申込証拠金,0,株主資本,,自己株式申込証拠金,,1,4,10C100030,Deposit for subscriptions to treasury shares
　　　　株主資本,0,株主資本,,株主資本,,1,4,10C100040,Shareholders' equity
　　　評価・換算差額等,,評価・換算差額等,,評価・換算差額等,,T,3,10C200010,Valuation and translation adjustments
　　　　その他有価証券評価差額金,0,評価・換算差額等,,その他有価証券評価差額金,,1,4,10C200020,Valuation difference on available-for-sale securities
　　　　繰延ヘッジ損益,0,評価・換算差額等,,繰延ヘッジ損益,,1,4,10C200030,Deferred gains or losses on hedges
　　　　土地再評価差額金,0,評価・換算差額等,,土地再評価差額金,,1,4,10C200040,Revaluation reserve for land
　　　　為替換算調整勘定,0,評価・換算差額等,,為替換算調整勘定,,1,4,10C200050,Foreign currency translation adjustment
　　　　退職給付に係る調整累計額,0,評価・換算差額等,,退職給付に係る調整累計額,,1,4,10C200060,Remeasurements of defined benefit plans
　　　　評価・換算差額等,0,評価・換算差額等,,評価・換算差額等,,1,4,10C200070,Valuation and translation adjustments
　　　新株予約権,0,新株予約権,,新株予約権,,1,3,10C300010,Share acquisition rights
　　　自己新株予約権,0,新株予約権,,自己新株予約権,,1,3,10C300020,Treasury share acquisition rights
　　　非支配株主持分,0,純資産,,非支配株主持分,,1,3,10C000020,Non-controlling interests
　　　純資産,0,純資産,,純資産,,1,3,10C000030,Net assets
　　負債純資産,0,純資産,,負債純資産,,1,2,10C000040,Liabilities and net assets
0,0,追加,,,,,,,
0,0,追加,,,,,,,
0,0,追加,,,,,,,
0,0,追加,,,,,,,
0,0,追加,,,,,,,
0,0,追加,,,,,,,
0,0,追加,,,,,,,
0,0,追加,,,,,,,
0,0,追加,,,,,,,
0,0,追加,,,,,,,
0,0,追加,,,,,,,
0,0,追加,,,,,,,
0,0,追加,,,,,,,
0,0,追加,,,,,,,
0,0,追加,,,,,,,
0,0,追加,,,,,,,
0,0,追加,,,,,,,
0,0,追加,,,,,,,
0,0,追加,,,,,,,
0,0,追加,,,,,,,
0,0,追加,,,,,,,
0,0,追加,,,,,,,
0,0,追加,,,,,,,
0,0,追加,,,,,,,
0,0,追加,,,,,,,
0,0,追加,,,,,,,
0,0,追加,,,,,,,
0,0,追加,,,,,,,
0,0,追加,,,,,,,
0,0,追加,,,,,,,
