No.,Level,Property type,Identifier,Class,Property term,Representation term,Associated class,Mult.,Definition,ISO 21378 Module,ISO 21378 Table,Value Domain,Action,要素名,要素定義,xpath
1,1,Class,,Quantity,,,,,A class that specifies a value of measurable in UOM code.,General,,,,【数量】,特定の単位での数量を指定するクラス,
2,2,Attribute,,Quantity,Value,Decimal,,0..1,The numerical amount of a specified item or resource.,General,,,,値,指定された項目またはリソースの数値量,gl-bus:measurableQuantity
3,2,Reference Association,,Quantity,,,Measurement Unit,0..1,The base unit of measure used to quantify a meaured value.,General,,,,測定単位,測定値を定量化するために使用される基本測定単位,
4,1,Class,,Measurement Unit,,,,,A class documents the units of measure utilized across various business documents and accounting ledgers.,General,,,,【測定単位】,測定値を定量化するために使用される基本測定単位,
5,2,Attribute,PK,Measurement Unit,UOM Code,Identifier,,1,The unique code for the unit of measure used in transactions.,General,,,,測定単位コード,測定単位のコード,gl-bus:measurableUnitOfMeasure
6,2,Attribute,,Measurement Unit,UOM Name,Name,,0..1,The designation of the measurement unit used for quantifying materials or other entities.,General,,,,測定単位名,測定単位の名称,
7,2,Attribute,,Measurement Unit,UOM Abbreviation,Char,,0..1,An abbreviation representing the name of a measurement unit.,General,,,,測定単位略語,測定単位の名称を表す略語,
8,2,Attribute,,Measurement Unit,Active,Boolean,,0..1,The flag indicating if a unit of measure is currently employed for tracking and transactions.,General,,,,有効インジケータ,測定単位が現在記帳や取引で使用されているかを示すフラグ,
9,1,Class,,Unit Price,,,,,"A class that specifies the pricing structure of a single unit of a product or service, combining the monetary value with the associated quantity of measurement.",General,,,,【単価】,製品やサービスの単一単位に対する価格構造を指定するクラスで、金銭的価値と関連する測定単位の組み合わせ,
10,2,Composition,,Unit Price,Value,,Amount,1,The monetary value assigned to one unit of a specified quantity.,General,,,,値,指定された数量の1単位に割り当てられた金銭的価値,
11,2,Composition,,Unit Price,Base,,Quantity,1,The specific quantity or unit measurement associated with the price value.,General,,,,基本数量,価格値に関連付けられた基本の数量,
12,1,Class,,Amount,,,,,A class that specifies a value of money in a given currency.,General,,,,【金額】,特定の通貨での金額を指定するクラス,
13,2,Attribute,,Amount,Value,Decimal,,0..1,The numerical value representing a sum of money.,General,,AMOUNT,,値,金額を表す数値,
14,2,Reference Association,,Amount,,,Currency,0..1,A class holds information about different currencies.,General,,,,通貨,異なる通貨についての情報を保持するクラス,
15,1,Class,,Currency,,,,,A class holds information about different currencies.,General,,,,【通貨】,異なる通貨についての情報を保持するクラス,
16,2,Attribute,PK,Currency,Code,Identifier,,1..1,The official code of the currency utilized in the accounting and/or ERP system.,General,,CURRENCY CODE,,コード,通貨の公式コード,gl-cor:defaultCurrency
17,2,Attribute,,Currency,Name,Name,,0..1,The official name of the currency utilized in the accounting and/or ERP system.,General,,Name Short,,名称,通貨の公式名称,
18,2,Attribute,,Currency,Minor Unit,Integer,,0..1,The subdivision of a currency unit that indicates the decimal relationship to the main currency unit as defined by ISO 4217.,General,,UNIT,,補助単位,ISO 4217で定義されている通貨単位の小数点以下の桁数,
19,2,Attribute,,Currency,Active,Boolean,,0..1,The flag indicating if a currency code is currently accepted for financial transactions.,General,,Indicator,,有効インジケータ,通貨が現在記帳や取引で使用されているかを示すフラグ,
20,1,Class,,Phone Number,,,,,Primary phone number of the entity.,gl-bus,,,,【事業体電話番号】,事業体の主要電話番号情報。,
21,2,Attribute,,Phone Number,Description,Text,,0..1,"Entity Phone Number Description such as Main, Investor relations.",gl-bus,,,,事業体電話番号説明,"代表、IR用などの、事業体の電話番号の説明。
[設定値のリスト]
(bookkeeper：記帳係)、(controller：会計責任者)、(direct：直通)、(fax：FAX)、(investor-relations：IR窓口)、(main：代表)、(switchboard：交換台)、(other：その他) ",
22,2,Attribute,,Phone Number,Number,Char,,0..1,Phone number referred to in 'phoneNumberDescription',gl-bus,,,,事業体電話番号,phoneNumberDescriptionで示される電話番号。,
23,1,Class,,Fax Number,,,,,Tuple for holding company fax information.,gl-bus,,,,【事業体FAX番号】,事業体のFAX番号情報のタプル。,
24,2,Attribute,,Fax Number,Usage,Text,,0..1,"Company fax number usage (e.g. orders, head office, IR)",gl-bus,,,,事業体FAX番号用途,事業体のFAX番号の用途。(注文、本社、IRなど),
25,2,Attribute,,Fax Number,Number,Char,,0..1,Company Fax Number,gl-bus,,,,事業体FAX番号,事業体のFAX番号。,
26,1,Class,,Email Address,,,,,Tuple for holding company email information.,gl-bus,,,,【事業体Eメールアドレス】,事業体のEメールアドレス情報のタプル。,
27,2,Attribute,,Email Address,Usage,Text,,0..1,"Company email address usage (e.g. orders, head office, IR)",gl-bus,,,,事業体Eメールアドレス用途,事業体のEメールアドレスの用途。(注文、本社、IRなど),
28,2,Attribute,,Email Address,Address,Char,,0..1,Company Email Address,gl-bus,,,,事業体Eメールアドレス,事業体のEメールアドレス。,
29,1,Class,,Address,,,,,Address structure for the reporting entity,gl-bus,,,,【住所】,報告事業体の住所構造体。,
30,2,Attribute,,Address,Name,Name,,0..1,Name of organization used at this address,gl-bus,,,,住所名,この住所で使用される組織の名前。,
31,2,Attribute,,Address,Description,Text,,0..1,"Description of the address, such as Mailing, Physical, Investor Relations, etc.",gl-bus,,,,住所説明,住所の説明。郵送先、実体、投資家向けなど。,
32,2,Attribute,,Address,Purpose,Char,,0..1,"Freeform for codes like shipping, billing, mailing at address level.  Allows identification of multiple purpose addresses for each identifier.",gl-bus,,,,住所目的,配送、請求、郵送のような、住所レベルのコードの自由記述。個々の識別子により、住所の用途を識別する。,
33,2,Attribute,,Address,Location Identifier,Char,,0..1,A code used to identify the location and to associate it with contacts and transactions,gl-bus,,,,所在地識別子,位置を識別したり、窓口や取引と関係付けるコード。,
34,2,Attribute,,Address,Building Number,Char,,0..1,Building Number,gl-bus,,,,建物番号,建物番号。,
35,2,Attribute,,Address,Street,Name,,0..1,Street address,gl-bus,,,,通り,住所の通り。,
36,2,Attribute,,Address,Detail,Name,,0..1,Address Detail,gl-bus,,,,住所詳細,住所詳細。,
37,2,Attribute,,Address,City,Name,,0..1,City or town of the address.,gl-bus,,,,都市,住所の都市や町。,
38,2,Attribute,,Address,State or Province,Name,,0..1,"State, province or region of the address.",gl-bus,,,,州,住所の州や地方。,
39,2,Attribute,,Address,Zip or Postal Code,Char,,0..1,Zip or other postal code of the address.,gl-bus,,,,郵便番号,住所の郵便番号。,
40,2,Attribute,,Address,Country,Char,,0..1,Country of the address.,gl-bus,,,,国,住所の国。,
41,2,Attribute,,Address,Active,Boolean,,0..1,"Boolean to indicate whether the address is active (=""true"") or inactive (=""false"")",gl-bus,,,,住所有効性,住所が有効か無効かを示すブール値。,
42,1,Class,,Web Site,,,,,Primary web site of the entity.,gl-bus,,,,【事業体Webサイト】,事業体の代表ウェブサイト。,gl-bus:entityWebSite
43,2,Attribute,,Web Site,Description,Text,,0..1,Description of the web site.,gl-bus,,,,Webサイト説明,ウェブサイトの説明。,gl-bus:webSiteDescription
44,2,Attribute,,Web Site,URL,Char,,0..1,Valid URL of the web site. Should be full URL.,gl-bus,,,,WebサイトURL,ウェブサイトの有効なURL。 完全なURLであるべき。,gl-bus:webSiteURL
45,1,Class,,Contact,,,,,Information about contacts.,gl-bus,,,,【担当者情報】,担当者に関する情報。,
46,2,Attribute,,Contact,Prefix,Char,,0..1,"Prefix (e.g. Dr., Mr., Mrs.)",gl-bus,,,,敬称,敬称(Dr.、Mr.、Mrs.など),
47,2,Attribute,,Contact,Last Name,Name,,0..1,Last or family name,gl-bus,,,,姓,姓,
48,2,Attribute,,Contact,First Name,Name,,0..1,First or given name,gl-bus,,,,名,名、クリスチャンネーム,
49,2,Attribute,,Contact,Suffix,Char,,0..1,"Suffix (e.g. MD, CPA, Jr.)",gl-bus,,,,付加名称,付加名称(MD、CPA、Jr.など),
50,2,Attribute,,Contact,Attention Line,Name,,0..1,Attention Line,gl-bus,,,,アテンションライン,アテンションライン,
51,2,Attribute,,Contact,Position/Role,Name,,0..1,Position or role,gl-bus,,,,地位/役職,地位や役職。,
52,2,Attribute,,Contact,Role of Contact,Name,,0..1,"Role of contact. Examples include: Source Service, Sender, Recipient, Invoicer, Auditor, Accountant",gl-bus,,,,担当者役割,担当者の役割。例：ソースサービス、送付元、受取人、請求先、監査人、会計士。,
53,2,Attribute,,Contact,Location ID cross reference,Name,,0..1,This code is used to associate the contact with a specific location for the Entity. Its value should be the same as that of the organizationAddressLocationIdentifier,gl-bus,,,,所在地相互参照情報,担当者と事業体の位置情報を関係付けるためのコード。organizationAddressLocationIdentifierと同じ値であるべき。,
54,2,Attribute,,Contact,Active,Boolean,,0..1,"Boolean to indicate whether the contact is active (=""true"") or inactive (=""false"")",gl-bus,,,,担当者有効性,担当者が有効か無効かを示すブール値。,
55,2,Composition,,Contact,,,Phone Number,0..*,Contact Phone Number,gl-bus,,,,担当者電話番号,担当者の電話番号。,
56,2,Composition,,Contact,,,Fax Number,0..*,Contact Fax Number Structure,gl-bus,,,,担当者FAX番号,担当者のFAX番号の構造体。,
57,2,Composition,,Contact,,,Email Address,0..*,Contact E-mail address structure,gl-bus,,,,担当者Eメールアドレス,担当者のEメールアドレスの構造体。,
58,1,Class,,Accounting Method,,,,,Section for identifying the methods of accounting used by the entity for different reporting purposes,gl-bus,,,,【会計処理方法】,異なる報告目的に応じて事業体が使用する会計処理方法を識別するためのセクション。,gl-bus:organizationAccountingMethodStructure
59,2,Attribute,,Accounting Method,Type,Name,,0..1,"For this entity, the method of accounting represented - from: accrual, cash, modified cash, modified accrual, encumbrance, special methods, hybrid methods, other",gl-bus,,,,会計処理方法,"事業体の会計処理方法を表す。発生基準、現金基準、修正現金基準、修正発生基準、債務基準、特別な方法、混合方法、その他
[設定値のリスト]
(accrual：発生基準)、(cash：現金基準)、(modified cash：修正現金基準)、(modified accrual：修正発生基準)、(encumbrance：債務基準)、(special methods：特別な方法)、(hybrid methods：混合方法)、(other：その他)",gl-bus:organizationAccountingMethodStructure
60,2,Attribute,,Accounting Method,Description,Text,,0..1,Free format description of the accounting method,gl-bus,,,,会計処理方法説明,会計処理方法の説明。,gl-bus:organizationAccountingMethodDescription
61,2,Attribute,,Accounting Method,Purpose,Name,,0..1,"For this entity, the reporting purpose represented - from book, tax, management, statutory, other",gl-bus,,,,会計処理方法目的,"事業体の報告の目的を表す。帳簿、税、管理、スタチュトリ、その他から選択する。
[設定値のリスト]
(book：帳簿)、(tax：税)、(management：管理)、(statutory：スタチュトリ)、(other：その他)",gl-bus:organizationAccountingMethodPurpose
62,2,Attribute,,Accounting Method,Purpose Description,Text,,0..1,Free format description of the accounting method purpose,gl-bus,,,,会計処理方法目的説明,会計処理方法の目的の説明。,gl-bus:organizationAccountingMethodPurposeDescription
63,2,Attribute,,Accounting Method,Start Date,Date,,0..1,Accounting Method Start Date,gl-bus,,,,会計処理方法開始日付,会計処理方法の開始日。,gl-bus:organizationAccountingMethodStartDate
64,2,Attribute,,Accounting Method,End Date,Date,,0..1,Accounting Method End Date,gl-bus,,,,会計処理方法終了日付,会計処理方法の終了日。,gl-bus:organizationAccountingMethodEndDate
65,1,Class,,Accountant,,,,,Information about the relevant external accountant,gl-bus,,,,【会計士情報】,関連する外部会計士に関する情報。,
66,2,Attribute,,Accountant,Name,Name,,0..1,Name of the accountant,gl-bus,,,,会計士名,会計士の名前。,
67,2,Attribute,,Accountant,Type of Engagement,Name,,0..1,Type of engagement being performed by external accountant,gl-bus,,,,契約種別,"外部会計士によって実行される契約の種別。
[設定値のリスト]
(audit：監査)、(review：検査)、(compilation：調整)、(tax：税)、(other：その他) ",
68,2,Attribute,,Accountant,Type of Engagement Description,Text,,0..1,Free format description of the type of engagement,gl-bus,,,,契約種別説明,契約種別の説明。,
69,2,Attribute,,Accountant,Contact Type,Name,,0..1,Contact Type for Accountant Contact,gl-bus,,,,会計士担当者役割,会計士の担当者の種別,
70,2,Attribute,,Accountant,Location ID cross reference,Char,,0..1,This code is used to associate the contact with a specific location for the Accountant. Its value should be the same as that of the accountantAddressLocationIdentifier,gl-bus,,,,会計士所在地相互参照情報,"担当者と会計士の所在地情報を関係付けるためのコード。
accountantAddressLocationIdentifierと同じ値であるべき。",
71,2,Attribute,,Accountant,Active,Boolean,,0..1,"Boolean to indicate whether the contact is active (=""true"") or inactive (=""false"")",gl-bus,,,,会計士担当者有効性,担当者が有効か無効かを示すブール値。,
72,2,Composition,,Accountant,,,Address,0..*,Section which contains accountant address information.,gl-bus,,,,会計士住所,会計士の住所情報を含むセクション。,
73,2,Composition,,Accountant,,,Contact,0..*,Accountant Contact Information Structure,gl-bus,,,,会計士担当者情報,会計士の担当者情報の構造体。,
74,1,Class,,Registered Entity Identifier,,,,,Structure containing references to an external authority associated with identifier,gl-cor,,,,【登録法人識別子】,識別子と関係付けられる外部機関への参照情報を含む構造体。,
75,2,Attribute,PK,Registered Entity Identifier,ID,Identifier,,0..1,"External Authority (e,g, Tax Authority) ID Number associated with identifierReference",gl-cor,,,,外部機関付与識別番号,identifierReferenceと関係付けられる、外部機関（たとえば、税務署）によるID番号。,
76,2,Attribute,,Registered Entity Identifier,Authority Name,Name,,0..1,Name of External Authority (e.g. Tax Authority),gl-cor,,,,外部機関名,外部機関の名前（たとえば、税務署）,
77,2,Attribute,,Registered Entity Identifier,Verification Date,Date,,0..1,Date on which the External Authority last performed a verification,gl-cor,,,,外部機関認証日付,外部機関が最後に認証した日付。,
78,1,Class,,Identifier Reference,,,,,"Identification for customer, vendor, or employee.",gl-cor,,,,【CVE情報】,顧客、仕入先、従業員のための識別子。,gl-cor:identifierReference
79,2,Attribute,PK,Identifier Reference,ID,Identifier,,0..1,Internal ID Number associated with identifierReference,gl-cor,,,,CVE識別番号（内部）,identifierReferenceに関係付けられた、内部ID番号。,gl-cor:identifierCode
80,2,Attribute,,Identifier Reference,Identifier Purpose,Name,,0..1,"Freeform for codes like purchasing, billing, manufacturing at identifier level.",gl-bus,,,,CVE目的,購買、請求、製造などの、CVE識別子のレベルのコードの自由記述。,gl-bus:identifierPurpose
81,2,Attribute,,Identifier Reference,Organization Type,Char,,0..1,Identifier Organization Type,gl-cor,,,,CVE組織種別,"CVE識別子の組織種別。
[設定値のリスト]
(individual：個人)、(organization：組織)、(other：その他) ",gl-cor:identifierOrganizationType
82,2,Attribute,,Identifier Reference,Organization Type Description,Text,,0..1,Free format description of the identifier organization type,gl-cor,,,,CVE組織種別説明,CVE識別子の組織種別の説明。,gl-cor:identifierOrganizationTypeDescription
83,2,Attribute,,Identifier Reference,Description,Text,,0..1,Textual description of identifierReference.,gl-cor,,,,CVE説明,identifierReferenceの説明。,gl-cor:identifierDescription
84,2,Attribute,,Identifier Reference,Type,Char,,0..1,"Entity type (enumerated): e.g., customer, vendor, employee.",gl-cor,,,,CVE種別,"実体の種別。例えば、顧客、仕入先、従業員。
[設定値のリスト]
(C)、(customer：顧客)、(E)、(employee：従業員)、(V)、(vendor：仕入先)、(O)、(other：その他)、(I)、(salesperson-internal：店舗内販売員)、(X)、(salesperson-external：外交販売員)、(N)、(contractor：請負者) ",gl-cor:identifierType
85,2,Attribute,,Identifier Reference,Category,Name,,0..1,"For use as Customer, Vendor or Employee Class (such as Residential/Commercial/Institutional/Government or Retail/Wholesale or other classifications used by gl-business).",gl-cor,,,,CVEカテゴリ,顧客、仕入先、従業員の分類に使用する。　（住居/商業/機関/政府や、小売/卸や、ビジネスで使用されるその他の分類）。,gl-cor:identifierCategory
86,2,Attribute,,Identifier Reference,Tax Identification Number,Char,,0..1,Registered tax identification number,gl-taf,,,,納税者コード,CVEの納税者コード。,
87,2,Attribute,,Identifier Reference,Active,Boolean,,0..1,"Boolean to indicate whether the identifier is active (=""true"") or inactive (=""false"")",gl-cor,,,,CVE有効性,CVE識別子が有効か無効かを示すブール値。,
88,2,Composition,,Identifier Reference,,,Registered Entity Identifier,0..*,Structure containing references to an external authority associated with identifier,gl-cor,,,,登録法人識別子,識別子と関係付けられる外部機関への参照情報を含む構造体。,
89,2,Composition,,Identifier Reference,,,Email Address,0..*,Email address for Identifier.,gl-cor,,,,Eメールアドレス,CVE識別子のEメールアドレス。,
90,2,Composition,,Identifier Reference,,,Phone Number,0..*,Phone number related to Identifier.,gl-cor,,,,電話番号,CVE識別子の電話番号。,
91,2,Composition,,Identifier Reference,,,Fax Number,0..*,Fax number structure related to identifier.,gl-cor,,,,FAX番号,CVE識別子のFAX番号の構造体。,
92,2,Composition,,Identifier Reference,,,Contact,0..*,Identifier Contact Information Structure,gl-cor,,,,CVE担当者情報,CVE識別子の担当者情報の構造体。,
93,2,Composition,,Identifier Reference,,,Address,0..*,"Address (block) of customer, vendor, employee for integration purposes, VAT.",gl-bus,,,,CVE住所,統合目的やVATのための、顧客、仕入先、従業員の住所(ブロック)。,
94,1,Class,,Period,,,,,A tool to collect a specific set of periods used to summarize results from transactions.,gl-bus,,,,【報告カレンダー期間】,取引の結果をまとめるための特定の期間を集めるもの。,gl-bus:reportingCalendarPeriod
95,2,Attribute,PK,Period,ID,Identifier,,0..1,An identifier for this period in this calendar,gl-bus,,,,報告期間識別子,このカレンダーにおけるこの期間の識別子。,gl-bus:periodIdentifier
96,2,Attribute,,Period,Description,Text,,0..1,A description of this specific reporting period in this calendar.,gl-bus,,,,期間説明,このカレンダーにおけるこの特定の期間の説明。,gl-bus:periodDescription
97,2,Attribute,,Period,Start Date,Date,,0..1,The beginning date/time of a period,gl-bus,,,,期間開始日付,期間の開始日付/時刻,gl-bus:periodStart
98,2,Attribute,,Period,End Date,Date,,0..1,The ending date/time of a period,gl-bus,,,,期間終了日付,期間の終了日付/時刻,gl-bus:periodEnd
99,2,Attribute,,Period,Closed Date,Date,,0..1,"The date/time a period has been closed for activity. If this is present with a nill value (xsi:nill=""true"") then the period is not closed.",gl-bus,,,,期間締日付,"この期間の活動が締め切られた日付/時刻。この値がニル値(xsi:nill=""true"")であれば、この期間は、締め切られていない。",gl-bus:periodClosedDate
100,1,Class,,Reporting Calendar,,,,,A tool to collect the periods used to summarise results from transactions.,gl-bus,,,,【報告カレンダー】,取引の結果をまとめるための期間を集めるもの。,gl-bus:reportingCalendar
101,2,Attribute,PK,Reporting Calendar,Code,Char,,0..1,"The code used to identify this specific reporting calendar, unique across periods",gl-bus,,,,報告カレンダーコード,この報告カレンダーを識別するコード。複数期間にわたって一意。,gl-bus:reportingCalendarCode
102,2,Attribute,,Reporting Calendar,Description,Text,,0..1,A description of the reporting calendar (associated with the reportingCalendarCode given),gl-bus,,,,報告カレンダー説明,報告カレンダーの説明（reportingCalendarCodeと関係付けられる）。,gl-bus:reportingCalendarDescription
103,2,Attribute,,Reporting Calendar,Title,Name,,0..1,A description of the reporting period. The actual beginning and ending dates are found within the 'reportingCalendarPeriod' structure,gl-bus,,,,報告カレンダータイトル,報告期間の説明。実際の開始日及び終了日はreportingCalendarPeriodに記述する。,gl-bus:reportingCalendarTitle
104,2,Attribute,,Reporting Calendar,Code Related to Type of Periods,Char,,0..1,"A code for the type of period involved. Enumerated as: monthly, quarterly, semi-annually, 4-5-4, ad-hoc, other.",gl-bus,,,,期間種別コード,"報告期間の種別コード。月次、四半期ごと、半期ごと、4-5-4、随時、その他
[設定値のリスト]
(monthly：月次)、(quarterly：四半期ごと)、(semi-annually：半期ごと)、(4-5-4：4-5-4)、(ad-hoc：随時)、(other：その他) ",gl-bus:reportingCalendarPeriodType
105,2,Attribute,,Reporting Calendar,Description of periods,Text,,0..1,A description of the type of period involved.,gl-bus,,,,期間種別説明,報告期間の種別の説明。,gl-bus:reportingCalendarPeriodTypeDescription
106,2,Attribute,,Reporting Calendar,Closed status,Char,,0..1,"An identifier on whether the reporting calendar is still open for activity. enumerated, ""open"", ""closed"", ""pending""",gl-bus,,,,締状態,"報告カレンダーがオープンかどうかを示す識別子。オープン、締切り済み、保留中
[設定値のリスト]
(open：オープン)、(closed：締切り済み)、(pending：保留中) ",gl-bus:reportingCalendarOpenClosedStatus
107,2,Attribute,,Reporting Calendar,Reporting Purpose,Name,,0..1,A description of the accounting set of books involved. Uses enumeration from accounting method purpose.,gl-bus,,,,報告目的,"帳簿の集合の説明。会計処理方法の目的の列挙値を使用する。
[設定値のリスト]
(book：帳簿)、(tax：税)、(management：管理)、(statutory：スタチュトリ)、(other：その他)",gl-bus:reportingPurpose
108,2,Attribute,,Reporting Calendar,Reporting Purpose Description,Text,,0..1,Free format description of the reporting purpose,gl-bus,,,,報告目的説明,報告目的の説明。,gl-bus:reportingPurposeDescription
109,2,Composition,,Reporting Calendar,,,Period,0..*,A tool to collect a specific set of periods used to summarize results from transactions.,gl-bus,,,,報告カレンダー期間,取引の結果をまとめるための特定の期間を集めるもの。,gl-bus:reportingCalendarPeriod
110,1,Class,,Organization,,,,,Section which contains various identifiers for the company.,gl-bus,,,,【識別子】,組織に関する様々な識別子を含むセクション。,gl-bus:organizationIdentifiers
111,2,Attribute,PK,Organization,ID,Identifier,,1,"Code representing the company or organization whose data this file represents: used for situations where one user (e.g., a CPA) needs to keep track of multiple organizations' files (e.g., multiple clients). Can be EIN#, client #, internal/external identifier, SIC code. Codes which identifies the entity. Includes the code identifier of the authority issuing the code, a colon, and the code itself. For example, CIK:01234567 for the CIK number issued by SEC EDGAR.",gl-bus,,,,事業体識別子,このファイルでデータを表現している会社や組織のコード。ひとりのユーザ(例えば、公認会計士)が複数の組織(例えば、複数の顧客)のファイルを把握する必要がある場合に使用される。 EIN番号、顧客番号、内部/外部識別子、SICコードであってよい。事業体の識別子をコード化する。コードを発行する権威ある組織のコード識別子、コロン、およびコードそのものを含む。 例えば、SEC　EDGARが発行したCIK番号　CIK: 01234567。,gl-bus:organizationIdentifier
112,2,Attribute,,Organization,Description,Text,,0..1,Text for organization identified by organizationIdentifier. Any descriptive information about the code.,gl-bus,,,,事業体説明,organizationIdentifierによって特定された組織の説明文。 コードに関するなんらかの記述情報。,gl-bus:organizationDescription
113,1,Class,,Entity Information,,,,,Holder for entity information - information about the reporting organization.,gl-cor,,,,【事業体情報】,事業体情報（報告組織に関する情報）の入れ物。,gl-cor:entityInformation
114,2,Attribute,,Entity Information,Business Description,Text,,0..1,Description of the nature of the gl-business of the entity.,gl-cor,,,,業種説明,事業体の事業の種類についての説明。,
115,2,Attribute,,Entity Information,Fiscal Year Start,Date,,0..1,"Start of fiscal year. Where appropriate, gl-corporate year period representation permits non-365 or 366 day years (more appropriate for internal sharing than data from external sources), In Europe, some jurisdictions allow 2 year minus 1 day fiscal years.",gl-bus,,,,会計年度開始日付,会計年度の開始日。妥当であれば、企業の会計年度表示において、366日や365日でない年も許可する（外部ソースからのデータより内部共有のための方が適している）。ヨーロッパでは、2年マイナス1日の会計年度を許可するところもある。,gl-bus:fiscalYearStart
116,2,Attribute,,Entity Information,Fiscal Year End,Date,,0..1,"End of fiscal year. Where appropriate, gl-corporate year period representation permits non-365 or 366 day years (more appropriate for internal sharing than data from external sources), In Europe, some jurisdictions allow 2 year minus 1 day fiscal years.",gl-bus,,,,会計年度終了日付,会計年度の終了日。妥当であれば、企業の会計年度表示において、366日や365日でない年も許可する（外部ソースからのデータより内部共有のための方が適している）。ヨーロッパでは、2年マイナス1日の会計年度を許可するところもある。,gl-bus:fiscalYearEnd
117,2,Composition,,Entity Information,,,Registered Entity Identifier,0..*,Structure containing references to an external authority associated with identifier,gl-bus,,,,,,
118,2,Composition,,Entity Information,,,Accounting Method,0..1,"The default reporting purpose - from book, tax, management, statutory, other",gl-bus,,,,（既定）会計処理方法目的,"明細レベルで明確に指定しない場合の、既定の報告目的を表す。帳簿、税、管理、スタチュトリ、その他から選択する。
[設定値のリスト]
(book：帳簿)、(tax：税)、(management：管理)、(statutory：スタチュトリ)、(other：その他)",
119,2,Composition,,Entity Information,,,Organization,0..*,Section which contains various identifiers for the company.,gl-bus,,,,識別子,組織に関する様々な識別子を含むセクション。,gl-bus:organizationIdentifiers
120,2,Composition,,Entity Information,,,Phone Number,0..*,Primary phone number of the entity.,gl-bus,,,,事業体電話番号,事業体の主要電話番号情報。,
121,2,Composition,,Entity Information,,,Fax Number,0..*,Tuple for holding company fax information.,gl-bus,,,,事業体FAX番号,事業体のFAX番号情報のタプル。,
122,2,Composition,,Entity Information,,,Email Address,0..*,Tuple for holding company email information.,gl-bus,,,,事業体Eメールアドレス,事業体のEメールアドレス情報のタプル。,
123,2,Composition,,Entity Information,,,Web Site,0..*,Primary web site of the entity.,gl-bus,,,,事業体Webサイト,事業体の代表ウェブサイト。,gl-bus:entityWebSite
124,2,Composition,,Entity Information,,,Address,0..*,Address structure for the reporting entity,gl-bus,,,,住所,報告事業体の住所構造体。,
125,2,Composition,,Entity Information,,,Contact,0..*,Information about contacts.,gl-bus,,,,担当者情報,担当者に関する情報。,
126,2,Composition,,Entity Information,,,Accounting Method,0..*,Section for identifying the methods of accounting used by the entity for different reporting purposes,gl-bus,,,,会計処理方法,異なる報告目的に応じて事業体が使用する会計処理方法を識別するためのセクション。,gl-bus:organizationAccountingMethodStructure
127,2,Aggregation,,Entity Information,,,Accountant,0..*,Information about the relevant external accountant,gl-bus,,,,会計士情報,関連する外部会計士に関する情報。,
128,2,Aggregation,,Entity Information,,,Reporting Calendar,0..*,A tool to collect the periods used to summarise results from transactions.,gl-bus,,,,報告カレンダー,取引の結果をまとめるための期間を集めるもの。,gl-bus:reportingCalendar
129,1,Class,,Summary Reporting Taxonomies,,,,,,gl-srcd,,,,【集約報告タクソノミ】,この文書で示されたデータのロールアップ先となる、1つ以上の報告タクソノミの情報を、識別し提供する。,gl-srcd:summaryReportingTaxonomies
130,2,Attribute,PK,Summary Reporting Taxonomies,ID,Identifier,,0..1,"Identifies a target reporting taxonomy so that, for example, it can be referenced in the [summaryReportingTaxonomyIDRef] data field at [xbrlInfo] level.",gl-srcd,,,,集約報告タクソノミ識別子,たとえばxbrlInfo内のsummaryReportingTaxonomyIDRefで参照できるように、報告タクソノミを識別する。,
131,2,Attribute,,Summary Reporting Taxonomies,SchemaRefHref,Char,,0..1,Value of the href attribute of schemaRef in the target reporting taxonomy.,gl-srcd,,,,集約報告タクソノミスキーマ参照情報,報告タクソノミ内の、schemaRef要素のhref属性の値。,
132,2,Attribute,,Summary Reporting Taxonomies,Header,Text,,0..1,An all-purpose data field where all the information necessary when it is too complex to be defined otherwise.,gl-srcd,,,,集約報告タクソノミヘッダ,必要なすべての情報が、複雑すぎて他の方法では定義できないときに、それらを記述する汎用的なデータ域。,
133,2,Attribute,,Summary Reporting Taxonomies,Description,Text,,0..1,A description of the taxonomy for human use.,gl-srcd,,,,集約報告タクソノミ説明,人が利用するための、タクソノミの説明文。,
134,1,Class,,Document Information,,,,,Parent for descriptive information about the accountingEntries section in which it is contained.,gl-cor,,,,【文書情報】,この会計仕訳に関する情報の親タグ。,gl-cor:documentInfo
135,2,Attribute,,Document Information,Document Type,Char,,0..1,"account: information to fill in a chart of accounts file. 
balance: the results of accumulation of a complete and validated list of entries for an account (or a list of account) in a specific period - sometimes called general ledger 
entries:  a list of individual accounting entries, which might be posted/validated or nonposted/validated  
journal: a self-balancing (Dr = Cr) list of entries for a specific period including beginning balance for that period.  
ledger: a complete list of entries for a specific account (or list of accounts) for a specific period; note - debits do not have to equal credits.   
assets: a listing of open receivables, payables, inventory, fixed assets or other information that can be extracted from but are not necessarily included as part of a journal entry.  
trialBalance: the self-balancing (Dr = Cr) result of accumulation of a complete and validated list of entries for the entity in a complete list of accounts in a specific period. 
taxtables:  aids automated interpretation of instances that represent tax tables; 
Tax table are defined by using multiple [taxes] structures to gather the population of codes, authorities and rates; through [taxTableCode] cross-references in the [taxes] structure, these ""master file"" tax tables can be referenced. 
Often sorted by date or by account, these terms have specific, and sometimes different, meanings in different areas. Common practice will drive accounting method/term matches.",gl-cor,,,,文書種別,"・科目:科目体系ファイルの情報。
・残高:特定の期間について、勘定科目(または勘定科目リスト)の、完了し検証された仕訳リストの累算結果。時に総勘定元帳と呼ばれる。
・仕訳:個々の勘定記入のリスト。転記/検証されていることもあり、されていないこともある。
・仕訳帳:特定の期間における、その期間の開始残高を含む貸借が一致(Dr=Cr)した仕訳のリスト 。
・元帳:特定の期間における特定の勘定科目(または勘定科目リスト)についての、仕訳の全リスト 。注意－貸借が一致する必要はない。
・資産:仕訳記入の一部として必ずしも含まれていないが、そこから抽出可能な売掛金、買掛金、在庫、固定資産、その他の情報のリスト。
・試算表:事業体に対する、特定期間の全勘定科目リストでの、完了し検証された仕訳リストの、貸借が一致（Dr=Cr)した累算結果。
・税率表:税率表をあらわすデータを自動的に解釈できるようにする。税率表は、コード、税務当局情報、レートをあらわす複数のtaxes構造データを使って定義される。taxTableCodeはtaxes構造データ内で相互に参照されるが、これらのマスタファイルが参照可能。
多くの場合、日付または科目によりソートされる。会計処理方法や用語は慣行により適合させる。
[設定値のリスト]
(account：科目)、(balance：残高)、(entries：仕訳)、(journal：仕訳帳)、(ledger：元帳)、(assets：資産)、(trialbalance：試算表)、(taxtables：税率表)、(other：その他)",gl-cor:entriesType
136,2,Attribute,,Document Information,Audit Number,Char,,0..1,Unique identifier for this file.,gl-cor,,,,監査番号,このファイルの一意識別子。,gl-cor:uniqueID
137,2,Attribute,,Document Information,Revises Audit Number,Char,,0..1,"If this batch of information revises a previous batch of information, this field identifies the previous batch that is being revised. 'uniqueID' of the previous batch goes here. Developers should consider exception reporting.",gl-cor,,,,改訂前監査番号,この仕訳の束が以前の仕訳の束を改訂する場合に、以前の束を示す。元の文書のuniqueIDが指定される。開発者は、例外報告を考慮すべきである。,gl-cor:revisesUniqueID
138,2,Attribute,,Document Information,Action to Take with Previous Data,Char,,0..1,Provides guidance on action to take with previous set of data: supersedes - old data should be considered as obsolete/overwritten; supplements - belongs with that data as if it was included with it.,gl-cor,,,,改訂前データ処置,"以前のデータの束に対する操作のガイダンス。 取替え-古いデータを無効にし上書きする。
補完-元々含まれていたかのように、そのデータに所属させる。
[設定値のリスト]
(supplement：補完)、(supersede：取替え)",gl-cor:revisesUniqueIDAction
139,2,Attribute,,Document Information,Language,Code,,0..1,"Primary language of the intellectual content. Where practical, the content of this field should coincide with ISO 639-1988 language codes.",gl-cor,,ISO639,,言語,主要言語。 実用的には、このフィールドの内容はISO639-1988言語コードに一致すべきである。,gl-cor:language
140,2,Attribute,,Document Information,Creation Date,Date,,0..1,Date/time file was created.,gl-cor,,,,作成日付,ファイルが作成された日付/時間。,gl-cor:creationDate
141,2,Attribute,,Document Information,Document Comment,Text,,0..1,Text for entire document.,gl-cor,,,,文書コメント,文書全体に対する説明文。,gl-cor:entriesComment
142,2,Attribute,,Document Information,Period Covered Start,Date,,0..1,"Start of date range for contents. Used as basis for many assumptions about data, including the date as of which open balances are open.",gl-cor,,,,対象期間開始日付,内容の日付範囲の開始日。 残高の開始日付などの、データに関する多くの仮定の基礎として使用される。,gl-cor:periodCoveredStart
143,2,Attribute,,Document Information,Period Covered End,Date,,0..1,"End of date range for contents. Used as basis for many assumptions about data, including the date as of which open balances are open.",gl-cor,,,,対象期間終了日付,内容の日付範囲の終了日。 残高の開始日付などの、データに関する多くの仮定の基礎として使用される。,gl-cor:periodCoveredEnd
144,2,Attribute,,Document Information,Creator,Name,,0..1,Identifies the creator of the XBRL instance.,gl-bus,,,,作成者,ファイルの作成者の識別子。,gl-bus:creator
145,2,Attribute,,Document Information,Period Count,Integer,,0..1,"Number of periods or buckets, used by postingCode. Used to interpret posting date. It may be preferable to limit entries by period covered to be by individual reporting period.",gl-bus,,,,期間数,postingCodeで使用される期間又はバケットの数。 転記日付を説明するために使用される。対象期間の仕訳を個々の報告期間に限定することが望ましいかもしれない。,gl-bus:periodCount
146,2,Attribute,,Document Information,Period Unit,Char,,0..1,Type of periods covered by periodCount,gl-bus,,,,期間単位,"periodCountで対象とする期間の種別。
[設定値のリスト]
(daily：日次)、(weekly：週次)、(bi-weekly：隔週)、(semi-monthly：半月ごと)、(monthly：月次)、(quarterly：四半期ごと)、(thirdly：年3回)、(semiannual：半年ごと)、(annual：年次)、(ad-hoc：随時)、(current-period-only：当期)、(other：その他) ",gl-bus:periodUnit
147,2,Attribute,,Document Information,Period Unit Description,Text,,0..1,Free format description of the period unit,gl-bus,,,,期間単位説明,対象期間単位の説明。,gl-bus:periodUnitDescription
148,2,Attribute,,Document Information,Source Application,Name,,0..1,"Product or service that produced this file. Used by many systems (e.g., VAT). Version number can be included or extended.",gl-bus,,,,作成元アプリケーション,このファイルを作り出した製品又はサービス。 多くのシステム(例えば、VATなど)で、使用される。 バージョン番号を含むことも可能。,gl-bus:sourceApplication
149,2,Attribute,,Document Information,Target Application,Name,,0..1,Particular use for which file was generated.,gl-bus,,,,対象アプリケーション,ファイルが作成された用途。,gl-bus:targetApplication
150,2,Reference Association,,Document Information,Default Currency,,Currency,0..1,"The default currency related to the amount can be entered here instead of the XBRL instance specified way, especially important in multi-currency situations. Recommend ISO 4217 coding",gl-muc,,,,既定通貨,XBRLインスタンス内に指定する方法のかわりに、金額の既定の通貨を指定可能。多通貨環境で特に重要。ISO4217コード体系を推奨。,gl-cor:defaultCurrency
151,2,Composition,,Document Information,,,Summary Reporting Taxonomies,0..*,Identifies and provides information about one or more target reporting taxonomies to which the data represented in the document rolls up to.,gl-srcd,,,,集約報告タクソノミ,この文書で示されたデータのロールアップ先となる、1つ以上の報告タクソノミの情報を、識別し提供する。,
152,1,Class,,Segment Parent Information,,,,,Tuple for showing the detail necessary to roll up from one segment (type of subaccount) to another.),gl-cor,,,,【親セグメント情報】,セグメント（小勘定科目の種別）間のロールアップ時に必要な詳細情報を示すタプル。,gl-cor:segmentParentTuple
153,2,Attribute,,Segment Parent Information,Parent Subaccount Code,Char,,0..1,Subaccount NUMBER this subaccount rolls up to - see also subaccount type it rolls up to.,gl-cor,,,,親サブ科目コード,この小勘定科目のロールアップ先の小勘定科目の番号-ロールアップ先の小勘定科目の種別も参照。,gl-cor:parentSubaccountCode
154,2,Attribute,,Segment Parent Information,Parent Subaccount Type,Char,,0..1,The describer of the segment this subaccount rolls up to.,gl-cor,,,,親サブ科目種別,この小勘定科目のロールアップ先のセグメントの説明。,gl-cor:parentSubaccountType
155,2,Attribute,,Segment Parent Information,Reporting Tree Identifier,Char,,0..1,Used for representing descriptions of reporting trees.,gl-cor,,,,報告系統識別子,報告系統の説明に使用される。,gl-cor:reportingTreeIdentifier
156,2,Attribute,,Segment Parent Information,Parent Subaccount Percentage,Char,,0..1,"For partial allocations of amounts to different parents, the percentage of a child that will be allocated to a parent.",gl-cor,,,,親サブ科目配分パーセンテージ,異なる親科目に配分する場合に、親科目に割り当てるパーセンテージ。,gl-cor:parentSubaccountProportion
157,1,Class,,Subaccount,,,,,Tuple to hold multiple accountSubIDs and Descriptions,gl-cor,,,,【サブ科目情報】,複数のaccountSubIDと説明文を含むタプル。,gl-cor:accountSub
158,2,Attribute,PK,Subaccount,Code,Identifier,,0..1,"Where the primary account was placed in accountMainID, the code used for each profit center, division, gl-business unit, fund, program, branch, project, class, su-class or other modifier is placed here.",gl-cor,,,,サブ科目コード,主勘定科目をaccountMainIDに指定したときに、各プロフィットセンタ、事業部、事業体、基金、プログラム、支店、プロジェクト、クラス、su-クラス又は他の修飾子に使用されるコードはここに指定する。,gl-cor:accountSubID
159,2,Attribute,,Subaccount,Description,Text,,0..1,The description that accompanies accountSubID belongs here.,gl-cor,,,,サブ科目説明,accountSubIDに関する説明。,gl-cor:accountSubDescription
160,2,Attribute,,Subaccount,Type,Char,,0..1,"Type of sub-account - profit center, division, gl-business unit, fund, program, branch, project, class, su-class or other modifier is placed here. For example:: Accountability center: gl-business unit: Class:Department: Project: Fund: Program:Job: Profit center: Branch: Setup class: Division: Unit",gl-cor,,,,サブ科目種別,小勘定科目の種別。プロフィットセンタ、事業部、事業体、基金、プログラム、支店、プロジェクト、クラス、su-クラス又は他の修飾子がここに配置される。 例えば、責任単位、事業単位、クラス、部、プロジェクト、基金、プログラム、ジョブ、プロフィットセンター、支店、セットアップクラス、部門、ユニット,gl-cor:accountSubType
161,2,Composition,,Subaccount,,,Segment Parent Information,0..*,Tuple for showing the detail necessary to roll up from one segment (type of subaccount) to another.),gl-cor,,,,親セグメント情報,セグメント（小勘定科目の種別）間のロールアップ時に必要な詳細情報を示すタプル。,gl-cor:segmentParentTuple
162,1,Class,,Account,,,,,"Tuple: parent container for account numbers and identifiers. No entry is made here, but each detail line may have multiple accounts assigned to it for reporting in different GAAPs, offsetting accounts in Japan, passing along information to consolidation systems about local versus consolidating accounts, etc. For example, the account 4783HG-QOWI-192837-1000 may be expressed so:
/account/accountMainID 1000  
/account/accountMainDescription Cash  
/account/accountSub/accountSubID 4783HG  
/account/accountSub/accountSubDescription Department 
/account/accountSub/accountSubID QOWI  
/account/accountSub/accountSubDescription Branch  
/account/accountSub/accountSubID 192837  
/account/accountSub/accountSubDescription Division",gl-cor,,,,【科目識別子】,"勘定科目番号と識別子の親コンテナ。 ここには記入されないが、個々の明細行は、異なるGAAPでの報告や、日本の見返勘定や、連結勘定科目に対する個別情報の連結会計システムへの伝達などのための、複数の勘定科目を持ちうる。例えば、勘定科目4783HG-QOWI-192837-1000は、次のように表現されうる。
/account/accountMainID 1000
/account/accountMainDescription Cash
/account/accountSub/accountSubID 4783HG
/account/accountSub/accountSubDescription Department
/account/accountSub/accountSubID QOWI
/account/accountSub/accountSubDescription Branch
/account/accountSub/accountSubID 192837
/account/accountSub/accountSubDescription Division",gl-cor:account
163,2,Attribute,PK,Account,Account Number,Identifier,,0..1,"Main account - the code used to identify the accounting bucket the entry has been assigned to. Examples might be 1000 for Cash, 567GAAZ for Sales Expense or Z for tax payments. Identifiers such as department, branch, division, manager, or other modifiers are noted in the Subaccount area. Before needing to post, account is not necessary. Posting to the general ledger almost always requires an entry here.",gl-cor,,,,主勘定科目コード,"主勘定科目。仕訳が関連する会計バケットを特定するためのコード。例えば、現金を表す1000、販売費を表す567GAAZ、税を表すZ。
部門、支店、事業部、マネージャ、その他の識別子は、Subaccount領域に記述される。転記の必要がなければ、勘定科目は必要ではない。総勘定元帳に転記するにはほとんどの場合必要。",gl-cor:accountMainID
164,2,Attribute,,Account,Description,Text,,0..1,Description of accountMainID - the human readable describer that accompanies the code used in accountMainID,gl-cor,,,,主勘定科目説明,主勘定科目コードの説明。主勘定科目コードとして使用されるコードについての、人が読める記述。,gl-cor:accountMainDescription
165,2,Attribute,,Account,Classification,Char,,0..1,"Account type - FASB Concepts 6 and similar international designs. When xbrlInfo is used to associate other XBRL reporting items, this field is more suited to representing existing systems (audit) than data interchange.",gl-cor,,,,主勘定科目区分,"主勘定科目の種別。FASB Concepts 6および、同様の国際的な様式。xbrlInfoが他のXBRL項目と関係付けられる場合、データ交換より現存システム(audit)を示すべき。
[設定値のリスト]
(asset：資産)、(liability：負債)、(equity：資本)、(income：収益)、(gain：利得)、(expense：費用)、(loss：損失)、(contr-to-equity：資本増加)、(distr-from-equity：資本減少)、(comprehensive-income：包括利益)、(other：その他) ",gl-cor:mainAccountType
166,2,Attribute,,Account,Classification Description,Text,,0..1,Free format description of the account classification,gl-cor,,,,主勘定科目区分説明,主勘定科目の区分の説明。,gl-cor:mainAccountTypeDescription
167,2,Attribute,,Account,Parent Account,Char,,0..1,Roll up item from child natural account to parent natural account.,gl-cor,,,,親勘定科目コード,子勘定科目から親勘定科目に包み込む科目。,gl-cor:parentAccountMainID
168,2,Attribute,,Account,Purpose,Char,,0..1,"Code related to usage for account aggregate - Consolidating, European, IFRS, Offsetting, Primary, Tax, USGAAP, Japanese, Other. Japanese companies will use this for the tax required offsetting entry. If left blank, assumes default accounting method for company.",gl-cor,,,,勘定科目目的,"勘定科目群の使用法を示すコード。連結、European, IFRS, 見返、プライマリ, 税, USGAAP, Japanese,その他。日本企業では、見返仕訳で要求される税務処理に利用するかもしれない。空白の場合、企業の既定の勘定方法とみなす。
[設定値のリスト]
(consolidating：連結)、(european：ヨーロッパ)、(ifrs：IFRS)、(offsetting：見返)、(primary：プライマリ)、(tax：税)、(usgaap：US GAAP)、(japanese：日本)、(other：その他)",gl-bus:entryAccountingMethodPurpose
169,2,Attribute,,Account,Purpose Description,Text,,0..1,Description of usage for aggregate account,gl-cor,,,,勘定科目目的説明,勘定科目群の使用法の説明。,gl-bus:entryAccountingMethodPurposeDescription
170,2,Attribute,,Account,Type,Char,,0..1,Type of account,gl-cor,,,,科目種別,"科目の種別。
[設定値のリスト]
(account：勘定科目)、(bank：銀行)、(employee：従業員)、(customer：顧客)、(job：ジョブ)、(vendor：仕入先)、(measurable：計測可能物)、(statistical：統計)、(other：その他) ",gl-cor:accountType
171,2,Attribute,,Account,Type Description,Text,,0..1,Free format description of the account type,gl-cor,,,,科目種別説明,科目の種別の説明。,gl-cor:accountTypeDescription
172,2,Composition,,Account,,,Accounting Method,0..1,"For this entry, the method of accounting",gl-bus,,,,仕訳会計処理方法,"この仕訳の会計処理方法を表す。発生基準、現金基準、修正現金基準、修正発生基準、債務基準、特別な方法、混合方法、その他
[設定値のリスト]
(accrual：発生基準)、(cash：現金基準)、(modified cash：修正現金基準)、(modified accrual：修正発生基準)、(encumbrance：債務基準)、(special methods：特別な方法)、(hybrid methods：混合方法)、(other：その他)",
173,2,Composition,,Account,,,Subaccount,0..*,Tuple to hold multiple accountSubIDs and Descriptions,gl-cor,,,,サブ科目情報,複数のaccountSubIDと説明文を含むタプル。,gl-cor:accountSub
174,1,Class,,Currency Exchange,,,,,"A value at which one currency, referred to as the Base Currency, can be exchanged for another currency, referred to as the Target Currency. It indicates how many units of the Target Currency are equivalent to one unit of the Base Currency at a specific point in time.",gl-muc,,,,【換算レート】,基準通貨と呼ばれる1つの通貨が、対象通貨と呼ばれる別の通貨と交換できるレートの値を表します。この値は、特定の時点で1単位の基準通貨が対象通貨の何単位に相当するかを示す。,
175,2,Attribute,,Currency Exchange,Rate,Decimal,,1,The numeric value representing how many units of the Target currency are equivalent to one unit of the Base currency.,gl-muc,,,,レート,外貨金額の算出に用いられた、ExchangeRateDate時点の換算レート。（自国通貨を外貨通貨で割った値）,gl-muc:amountRestatedExchangeRate
176,2,Attribute,,Currency Exchange,Base Currency,Code,,1,The currency from which the exchange rate is applied.,gl-muc,,ISO4217,,換算元通貨,為替レートを適用する元の通貨（基準通貨）。,gl-muc:amountCurrency
177,2,Attribute,,Currency Exchange,Target Currency,Code,,1,The currency to which the exchange rate is applied.,gl-muc,,ISO4217,,換算先通貨,為替レートが適用して両替される通貨（対象通貨）。,gl-muc:amountRestatedCurrency
178,2,Attribute,,Currency Exchange,Source,Name,,0..1,"The source or provider of the exchange rate (e.g., a central bank or market e.g. Reuters, Bloomberg ).",gl-muc,,,,換算レート情報源,"外貨換算額の換算レートの情報源。たとえば、Reuters, Bloomberg。",
179,2,Attribute,,Currency Exchange,Type,Name,,0..1,"Type of Exchange Rate for restated amount - for example, spot rate, forward contract etc.",gl-muc,,,,換算レート種別,外貨換算額の換算レートの種別。たとえば、スポット・レート、先物など。,
180,2,Attribute,,Currency Exchange,Effective Date,Date,,0..1,Date of exchange rate (other than original transaction date) on which amount is expressed as target Amount,gl-muc,,,,換算レート日付,（原取引の日付ではなく）、amountRestatedAmountまたはamountTriangulationAmountが示された換算レートの日付。,
181,1,Class,,Triangulated Currency Conversion,,,,,"An exchange rate between two currencies that is calculated using a third intermediary currency, known as the triangulation currency. It represents the derived value of how many units of the Target Currency are equivalent to one unit of the Base Currency through the exchange rates involving the triangulation currency",gl-muc,,,,【三角通貨換算】,2つの通貨間の為替レートで、三角換算通貨と呼ばれる第3の仲介通貨を使用して計算されるもの。これは、三角換算通貨を介した為替レートを用いて、基準通貨1単位が対象通貨の何単位に相当するかを示す。,
182,2,Attribute,,Triangulated Currency Conversion,Base Currency,Code,,1,The currency from which the triangulated exchange rate calculation starts.,gl-muc,,ISO4217,,基準通貨,三角換算為替レート計算の出発点となる通貨,gl-muc:amountOriginalCurrency
183,2,Attribute,,Triangulated Currency Conversion,Target Currency,Code,,1,The final currency to which the exchange rate applies after triangulation.,gl-muc,,ISO4217,,対象通貨,三角換算後に為替レートが適用される最終的な通貨,gl-muc:amountRestatedCurrency
184,2,Attribute,,Triangulated Currency Conversion,Triangulation Currency,Code,,1,The intermediary currency used for calculating the exchange rate between the Base and Target currencies.,gl-muc,,ISO4217,,三角換算通貨,基準通貨と対象通貨間の為替レートを計算するために使用される仲介通貨,gl-muc:amountTriangulationCurrency
185,2,Attribute,,Triangulated Currency Conversion,Base to Triangulation Rate,Decimal,,1,The exchange rate from the Base currency to the Triangulation currency.,gl-muc,,,,基準通貨から三角換算通貨への為替レート,基準通貨から三角換算通貨への為替レート,gl-muc:amountTriangulationExchangeRate
186,2,Attribute,,Triangulated Currency Conversion,Triangulation to Target Rate,Decimal,,1,The exchange rate from the Triangulation currency to the Target currency.,gl-muc,,,,三角換算通貨から対象通貨への為替レート,三角換算通貨から対象通貨への為替レート,gl-muc:restatedTriangulationExchangeRate
187,2,Attribute,,Triangulated Currency Conversion,Derived Rate,Decimal,,1,The calculated exchange rate directly from Base currency to Target currency using the triangulation.,gl-muc,,,,派生レート,三角換算を使用して基準通貨から対象通貨への直接的な為替レートを計算したもの,
188,2,Attribute,,Triangulated Currency Conversion,Source,Name,,0..1,"The source or provider of the individual exchange rates or triangulated rates (e.g., central bank, Reuters).",gl-muc,,,,情報源,個々の為替レートまたは三角換算レートの提供元 (例: 中央銀行、ロイター),gl-muc:amountRestatedExchangeRateSource / gl-muc:amountTriangulationExchangeRateSource
189,2,Attribute,,Triangulated Currency Conversion,Type,Name,,0..1,"Type of Exchange Rate, for example, spot rate or forward contract, used in triangulation.",gl-muc,,,,レートの種類,三角換算に使用される為替レートの種類 (例: スポットレート、先物契約)。,gl-muc:amountRestatedExchangeRateType / gl-muc:amountTriangulationExchangeRateType
190,2,Attribute,,Triangulated Currency Conversion,Effective Date,Date,,0..1,The date on which the triangulated exchange rate is effective.,gl-muc,,,,適用日,（原取引の日付ではなく）、三角換算の金額が有効となる日付。,
191,1,Class,,Multicurrency Amount,,,,,Section to provide additional information related to base currencies that differ from original currencies and related exchange rates - typically this will be used to regl-cord exchange rates and amounts in currencies and/or on dates other than those of the original transaction. This structure allows regl-cording of exchange rates using a third currency as a triangulation currency. This is often EUR but is not restricted to being so. This structure may be repeated as many times as necessary to regl-cord amounts in foreign currencies on the same or different dates.,gl-muc,,,,【多通貨明細】,"原取引時の通貨と異なる、自国通貨と換算レートに関する追加情報のセクション。－現在および原取引時の、換算レートおよび金額の記録に使用される。
トライアンギュレーション通貨としての第三通貨の換算レートを記録できる。EURの場合が多いがそれに限らない。この構造は、同日または異なる日の外貨での金額を記録する必要がある限り、繰り返し指定可能。",
192,2,Attribute,,Multicurrency Amount,Date of Exchange Rate,Date,,0..1,Date of exchange rate (other than original transaction date) on which amount is expressed as amountRestatedAmount or amountTriangulationAmount,gl-muc,,,,換算レート日付,（原取引の日付ではなく）、amountRestatedAmountまたはamountTriangulationAmountが示された換算レートの日付。,gl-muc:multicurrencyDetailExchangeRateDate
193,2,Composition,,Multicurrency Amount,Foreign Currency,,Amount,0..1,The amount in the foreign currency as of Exchange Rate Effective Date.,gl-muc,,,,換算額,amountRestatedCurrencyで指定された外貨での、multicurrencyDetailExchangeRateDate時点の、換算額。,
194,2,Composition,,Multicurrency Amount,,,Currency Exchange,0..1,"A value at which one currency, referred to as the Base Currency, can be exchanged for another currency, referred to as the Target Currency. It indicates how many units of the Target Currency are equivalent to one unit of the Base Currency at a specific point in time.",gl-muc,,,,換算レート,基準通貨と呼ばれる1つの通貨が、対象通貨と呼ばれる別の通貨と交換できるレートの値を表します。この値は、特定の時点で1単位の基準通貨が対象通貨の何単位に相当するかを示す。,
195,2,Composition,,Multicurrency Amount,Triangulation Currency,,Amount,0..1,The amount in the triangulation currency identified by amountTriangulationCurrency as of multicurrencyDetailExchangeRateDate.,gl-muc,,,,トライアンギュレーション通貨換算額,amountTriangulationCurrencyで指定されたトライアンギュレーション通貨での、multicurrencyDetailExchangeRateDate時点の換算額。,
196,2,Composition,,Multicurrency Amount,,,Triangulated Currency Conversion,0..1,"An exchange rate between two currencies calculated using a third intermediary currency, referred to as the triangulation currency (e.g., EUR in Europe). It determines the equivalent value of one unit of the Base Currency in terms of the Target Currency by leveraging exchange rates involving the triangulation currency.",gl-muc,,,,三角通貨換算,2つの通貨間の為替レートで、三角換算通貨と呼ばれる第3の仲介通貨を使用して計算されるもの。これは、三角換算通貨を介した為替レートを用いて、基準通貨1単位が対象通貨の何単位に相当するかを示す。,
197,2,Attribute,,Multicurrency Amount,Multicurrency Detail Comment,Text,,0..1,Comment describing the enclosing multicurrencyDetail tuple's contents. May include reason for regl-cording additional exchange rates other than that used at the time of the original transaction.,gl-muc,,,,多通貨明細コメント,multicurrencyDetailの内容のコメント。原取引時以外の、追加の換算レートを記録する理由などを記述。,gl-muc:multicurrencyDetailComment
198,1,Class,,XBRL Information,,,,,This will roll up to XBRL reporting information - this is a parent - repeatable so that the same item can be reported through many taxonomies. Care should be taken to consider what happens if people post to the same account but different XBRL elements.,gl-cor,,,,【XBRL情報】,XBRLレポート情報へのロールアップ情報。親タグであり、同じ項目が複数のタクソノミを通じて報告されうるように繰り返し可能。同一の勘定科目を異なるXBRL要素に転記した場合にどうなるか、注意深く考慮すべきである。,gl-cor:xbrlInfo
199,2,Attribute,,XBRL Information,XBRL Allocation,Char,,0..1,"Indicates that the information being given is beginning_balance, ending_balance, period_change.",gl-cor,,,,XBRL割当,"与えられた情報が、期首残高、期末残高、期中増減のいずれであるかを示す。
[設定値のリスト]
(beginning_balance：期首残高)、(ending_balance：期末残高)、(period_change：期中増減)",gl-cor:xbrlInclude
200,2,Attribute,,XBRL Information,Summary Reporting Element,Char,,0..1,Associated XBRL element or XML element within an XML taxonomy - mapping to an XBRL concept.,gl-cor,,,,集約報告エレメント,関係付けられた、XMLタクソノミ中のXBRL要素または、XML要素。XBRLコンセプトへのマッピング。,gl-cor:summaryReportingElement
201,2,Attribute,,XBRL Information,Detail Matching Element,Char,,0..1,Associated XBRL element in XBRL-GL instance.,gl-cor,,,,明細対応エレメント,関係付けられた、XBRL-GLインスタンス中のXBRL要素。,gl-cor:detailMatchingElement
202,1,Class,,Warranty,,,,,warranty covering the items.,gl-ehm,,,,【保証】,アイテムの保証,
203,2,Attribute,,Warranty,Warranty Start Date,Date,,0..1,"If the items are covered by warranty, when that warranty covered will begin or has begun.",gl-ehm,,,,シリアルロット保証開始日,アイテムが保証の対象である場合、その保証の対象となる時期が開始または開始されます。,gl-ehm:serialLotWarrantyStartDate
204,2,Attribute,,Warranty,Warranty End Date,Date,,0..1,"If the items are covered by warranty, when that warranty covered will end or ended.",gl-ehm,,,,シリアルロット保証終了日,アイテムが保証の対象である場合、その保証の対象となる時期は終了または終了します。,gl-ehm:serialLotWarrantyEndDate
205,2,Attribute,,Warranty,Warranty Period,Decimal,,0..1,"Warranty period – numeric portion; for a 30 day warranty period, the 30 would go here, and the day would Serial Lot Warranty Period Unit.",gl-ehm,,,,シリアルロット保証期間,保証期間–数値部分。 30日間の保証期間の場合、30はここに移動し、その日はgl-ehm：serialLotWarrantyPeriodUnitに移動します。,gl-ehm:serialLotWarrantyPeriod
206,2,Attribute,,Warranty,Warranty Period Unit,Char,,0..1,"Warrant period – time or cycle unit portion. Values from the XBRL Unit Registry (www.xbrl.org/utr/utr.xml) are suggested where possible. Examples might include: H (hours), D (days), M (months), Y (years), machine cycles, km (kilometers).",gl-ehm,,,,シリアルロット保証期間単位,保証期間–時間またはサイクル単位の部分。可能な場合は、XBRLユニットレジストリ（www.xbrl.org/utr/utr.xml）の値が推奨されます。例としては、H（時間）、D（日）、M（月）、Y（年）、マシンサイクル、km（キロメートル）などがあります。,gl-ehm:serialLotWarrantyPeriodUnit
207,2,Attribute,,Warranty,Warranty Vendor,Name,,0..1,The vendor providing warranty; this may differ from the manufacturer.,gl-ehm,,,,シリアルロット保証ベンダー,保証を提供するベンダー。これはメーカーとは異なる場合があります。,gl-ehm:serialLotWarrantyVendor
208,2,Attribute,,Warranty,Warranty Contract,Text,,0..1,"Contract or document information related to the warranty, such as a contract number and date or a URL with more information.",gl-ehm,,,,シリアルロット保証契約,契約番号と日付、または詳細情報を含むURLなど、保証に関連する契約または文書情報。,gl-ehm:serialLotWarrantyContract
209,1,Class,,Serial Lot,,,,,"Tuple for holding information about serial numbers or lots (batches). As a tuple, this permits multiple serial numbers or multiple lot number batches within a single gl-gl-cor:measurable structure.",gl-ehm,,,,【シリアルロット】,シリアル番号またはロット（バッチ）に関する情報を保持するためのタプル。タプルとして、これにより、単一のgl-gl-cor：measurable構造内で複数のシリアル番号または複数のロット番号のバッチが許可されます。,gl-ehm:serialLot
210,2,Attribute,,Serial Lot,Code,Char,,0..1,"Is this item tracked by serial numbers or lot numbers? A serial number is usually a unique number assigned to a single; a lot or batch number is provided when a batch of items is fungible but must be differentiated from similar items from other batches. Enumerated indicator for serial or lot items. Enumeration are: serial, lot, other, neither. If not included within the tuple, neither is assumed.",gl-ehm,,,,シリアルロットコード,このアイテムはシリアル番号またはロット番号で追跡されていますか？シリアル番号は通常、単一に割り当てられた一意の番号です。アイテムのバッチがファンジブルであるが、他のバッチの同様のアイテムと区別する必要がある場合は、ロット番号またはバッチ番号が提供されます。シリアルまたはロットアイテムの列挙型インジケーター。列挙は、シリアル、ロット、その他、どちらでもありません。タプルに含まれていない場合、どちらも想定されません。,gl-ehm:serialLotCode
211,2,Attribute,,Serial Lot,Description,Text,,0..1,Free format description associated with gl-ehm:serialLotCode to provide specialization and especially to provide clarification for the enumerated value of other in serialLotCode. Examples might be “batch” or “group”.,gl-ehm,,,,シリアルロットの説明,gl-ehm：serialLotCodeに関連付けられた自由形式の説明。特殊化を提供し、特にserialLotCode内の他の列挙値を明確にします。例としては、「バッチ」や「グループ」などがあります。,gl-ehm:serialLotDescription
212,2,Attribute,,Serial Lot,Number,Char,,0..1,The holder for that actual serial number or lot (batch) number/code assigned to an item or a batch of items.,gl-ehm,,,,シリアルロット番号,アイテムまたはアイテムのバッチに割り当てられた実際のシリアル番号またはロット（バッチ）番号/コードの所有者。,gl-ehm:serialLotNumber
213,2,Attribute,,Serial Lot,Next Number,Char,,0..1,"A field for holding the next expected serial or lot number to be given to future assignments, or for chaining between already assigned items.",gl-ehm,,,,次のシリアルロット番号,将来の割り当てに与えられる次の予想されるシリアル番号またはロット番号を保持するためのフィールド、またはすでに割り当てられたアイテム間のチェーンのためのフィールド。,gl-ehm:nextSerialLotNumber
214,2,Attribute,,Serial Lot,Origination,Date,,0..1,Date of manufacture or creation.,gl-ehm,,,,シリアルロットオリジネーション,製造日または作成日。,gl-ehm:serialLotOrigination
215,2,Attribute,,Serial Lot,Expiration,Date,,0..1,Expiration date of the batch.,gl-ehm,,,,シリアルロットの有効期限,バッチの有効期限。,gl-ehm:serialLotExpiration
216,2,Attribute,,Serial Lot,Manufacturer,Name,,0..1,Manufacturer of the item (serial) or items (lot/batch).,gl-ehm,,,,シリアルロットメーカー,アイテム（シリアル）またはアイテム（ロット/バッチ）のメーカー。,gl-ehm:serialLotManufacturer
217,2,Attribute,,Serial Lot,Batch Description,Text,,0..1,A name or description of the items in the lot or batch.,gl-ehm,,,,シリアルロットバッチの説明,ロットまたはバッチ内のアイテムの名前または説明。,gl-ehm:serialLotBatchDescription
218,2,Attribute,,Serial Lot,Comment,Text,,0..1,Free format text related to the serial number or lot.,gl-ehm,,,,シリアルロットコメント,シリアル番号またはロットに関連するフリーフォーマットのテキスト。,gl-ehm:serialLotComment
219,2,Composition,,Serial Lot,,,Quantity,0..1,The quantity of units in this particular batch. Unit of measure is the gl-gl-bus:measurableUnitofMeasure.,gl-ehm,,,,シリアルロット数量,この特定のバッチのユニット数。測定単位はgl-gl-bus：measurableUnitofMeasureです。,
220,2,Composition,,Serial Lot,Original,,Quantity,0..1,The quantity of units in this batch on inception.,gl-ehm,,,,シリアルロット元の数量,開始時のこのバッチのユニット数。,
221,2,Composition,,Serial Lot,Remaining,,Quantity,0..1,The remaining quantity of units from the original batch; may be the same as the quantity in this batch or include other batches from the same original batch.,gl-ehm,,,,シリアルロット残量,元のバッチの残りのユニット数。このバッチの数量と同じであるか、同じ元のバッチの他のバッチが含まれている可能性があります。,
222,2,Composition,,Serial Lot,,,Warranty,0..1,warranty covering the items.,gl-ehm,,,,保証,アイテムの保証,
223,1,Class,,Measurable,,,,,"Parent for information regarding measurable items associated with the enclosing entryDetail line. Primary area used for holding performance measures. Based on needs for tracking inventory transactional detail, but suitable for anything assigned to an ""account"", ""reporting bucket"" or ""code"". Can be used to track any movements.",gl-bus,,,,【計測可能物情報】,明細行に関係付けられた、計測可能物の情報の親タグ。おもにパフォーマンス測定のために使用される。在庫移動の詳細の追跡の必要性に基づき、「科目」、「報告バケット」、「コード」に関係付けられるあらゆるものに適する。あらゆる活動を追跡するために使用可能。,gl-bus:measurable
224,2,Attribute,,Measurable,Code,Char,,0..1,"Code for measurable item including BP - gl-business process, FA - Fixed asset/Capitalized item, IN - Inventory, KPI - Metric, NT - Intangible, SP - Supplies, SV-P - Service by employee, vendor or contractor, SV-M - Service by equipment/machinery, OT - Other",gl-bus,,,,計測可能物コード,"計測可能物のコード。ビジネスプロセス、固定資産/資産化項目、在庫、測定基準、無形資産、貯蔵品、従業員/提供元/請負者によるサービス、装置/機械によるサービス、その他
[設定値のリスト]
(BP：ビジネスプロセス)、(FA：固定資産/資産化項目)、(IN：在庫)、(KPI：測定基準)、(NT：無形資産)、(SP：貯蔵品)、(SV-P：従業員/提供元/請負者によるサービス)、(SV-M：装置/機械によるサービス)、(OT：その他)",gl-bus:measurableCode
225,2,Attribute,,Measurable,Code Description,Text,,0..1,Free format description of the measurable code,gl-bus,,,,計測可能物コード説明,計測可能物のコードの説明。,gl-bus:measurableCodeDescription
226,2,Attribute,,Measurable,Measurable Category,Char,,0..1,Category of the measurable,gl-bus,,,,計測可能物カテゴリ,計測可能物のカテゴリ。,gl-bus:measurableCategory
227,2,Attribute,,Measurable,Measurable Identification,Char,,0..1,Internal inventory part or SKU number or other code identifier for the measurable.,gl-bus,,,,計測可能物識別子,計測可能物の社内在庫部分またはSKU番号またはその他のコード識別子。,gl-bus:measurableID
228,2,Attribute,,Measurable,Schema for Measurable Identification,Char,,0..1,URI or other identifier for schema with which measurable ID can be validated,gl-bus,,,,計測可能物識別子スキーマ,計測可能物のIDを検証するスキーマの、URIまたはその他の識別子。,gl-bus:measurableIDSchema
229,2,Attribute,,Measurable,Secondary Measurable Identifier,Char,,0..1,Second identifier (such as vendor's item number),gl-bus,,,,計測可能物第二識別子,第二識別子。（例えば、ベンダーでの品目番号）。,gl-bus:measurableIDOther
230,2,Attribute,,Measurable,Schema for Secondary Measurable Identification,Char,,0..1,URI or other identifier for schema with which measurable ID Other can be validated,gl-bus,,,,計測可能物第二識別子スキーマ,計測可能物の第二IDを検証するスキーマの、URIまたはその他の識別子。,gl-bus:measurableIDOtherSchema
231,2,Attribute,,Measurable,Measurable Description,Text,,0..1,Text description of measurable (e.g. inventory item or other identifier),gl-bus,,,,計測可能物説明,計測可能物の説明。（たとえば、在庫やその他の識別子）,gl-bus:measurableDescription
232,2,Composition,,Measurable,,,Quantity,0..1,"Number of units in this transaction; for non-monetary calculations; can be square footage, number of people, etc.",gl-bus,,,,数量,この取引における、単位数量。金額計算用ではない。平方フィート、人数など。,
233,2,Attribute,,Measurable,Qualifier,Char,,0..1,"Field that can represent grading, inspection codes, ratings and other qualifiers to properly capture PKI/Balanced Sgl-corecard information",gl-bus,,,,修飾子,PKI又はバランススコアカード情報を適正に把握するための、等級付け、検査コード、格付けその他の修飾子を示す。,gl-bus:measurableQualifier
234,2,Composition,,Measurable,,,Unit Price,0..1,"Per unit price of the measurable. Although one might expect that Quantity * Cost Per Unit = amount, this is not mandated except by external rules sets.",gl-bus,,,,単価,計測可能物の単価。measurableQuantity * measurableCostPerUnit = amountであることを期待するかもしれないが、外部規則がなければ必須ではない。,
235,2,Attribute,,Measurable,Start Time,DateTime,,0..1,Start time of the duration being measured,gl-bus,,,,開始日時,計量期間の開始時刻。,gl-bus:measurableStartDateTime
236,2,Attribute,,Measurable,End Time,DateTime,,0..1,End time of the duration being measured,gl-bus,,,,終了日時,計量期間の終了時刻。,gl-bus:measurableEndDateTime
237,2,Attribute,,Measurable,Active,Boolean,,0..1,"Boolean to indicate whether the measurable is active (=""true"") or inactive (=""false"")",gl-bus,,,,計測可能物有効性,計測可能物が有効か無効かを示すブール値。,
238,2,Attribute,,Measurable,Measurable Class ID,Char,,0..1,"An enumerated code to identify the inventory, fixed asset or other measurable class. Enumerated as: raw material, work-in-process, finished goods, assemblies, supplies, land, building, machinery, furniture, vehicles, other.",gl-ehm,,,,測定可能なクラスID,在庫、固定資産、またはその他の測定可能なクラスを識別するための列挙されたコード。列挙：原材料、仕掛品、完成品、組立品、消耗品、土地、建物、機械、家具、車両、その他。,gl-ehm:measurableClassID
239,2,Attribute,,Measurable,Measurable Class Description,Text,,0..1,Free format description associated with gl-ehm:measurableClassID to provide specialization or clarification for the enumerated value of other.,gl-ehm,,,,測定可能なクラスの説明,gl-ehm：measurableClassIDに関連付けられた自由形式の説明で、他の列挙値の特殊化または明確化を提供します。,gl-ehm:measurableClassDescription
240,2,Attribute,,Measurable,Costing Method Code,Char,,0..1,"An enumerated code for the inventory (or other measurable) costing method. Enumerated as: LIFO, FIFO, average, weighted-average, standard-cost, tax-basis, book-basis, other.",gl-ehm,,,,原価計算方法コード,在庫（または他の測定可能な）原価計算方法の列挙されたコード。列挙：LIFO、FIFO、平均、加重平均、標準コスト、税ベース、帳簿ベース、その他。,gl-ehm:costingMethodCode
241,2,Attribute,,Measurable,Costing Method Description,Text,,0..1,Free format description associated with gl-ehm:costingMethodCode to provide specialization of clarification for the enumerated value of other.,gl-ehm,,,,原価計算方法の説明,gl-ehm：costingMethodCodeに関連付けられた自由形式の説明。他の列挙値の明確化を専門化します。,gl-ehm:costingMethodDescription
242,2,Attribute,,Measurable,Geospatial Coordinate,Char,,0..1,"Enter a relevant location for this item. Format can be either:
- Degrees, minutes, and seconds (DMS): 41°24'12.2""N 2°10'26.5""E
- Degrees and decimal minutes (DMM): 41 24.2028, 2 10.4418
- Decimal degrees (DD): 41.40338, 2.17403",gl-ehm,,,,地理空間座標,"このアイテムに関連する場所を入力します。形式は次のいずれかになります。
-度、分、秒（DMS）：41°24'12.2""N2°10'26.5""E
-度と小数分（DMM）：41 24.2028、2 10.4418
-10度（DD）：41.40338、2.17403",gl-ehm:geospatialCoordinate
243,2,Composition,,Measurable,,,Serial Lot,0..*,"Tuple for holding information about serial numbers or lots (batches). As a tuple, this permits multiple serial numbers or multiple lot number batches within a single gl-gl-cor:measurable structure.",gl-ehm,,,,シリアルロット,シリアル番号またはロット（バッチ）に関する情報を保持するためのタプル。タプルとして、これにより、単一のgl-gl-cor：measurable構造内で複数のシリアル番号または複数のロット番号のバッチが許可されます。,gl-ehm:serialLot
244,1,Class,,Job,,,,,"Tuple for holding job related information, separate from jobs represented in account identifier. Would probably only have one jobinfo tuple for each entry line, but there may be a need to express more than one.",gl-bus,,,,【ジョブ情報】,科目識別子で表現されるジョブとは別の、ジョブに関係する情報のタプル。個々の明細行に対してひとつだけ存在すると思われるが、複数必要かもしれない。,gl-bus:jobInfo
245,2,Attribute,,Job,Job Identifier,Char,,0..1,"Associated job number or code. This could be built into the account, but many systems maintain a separate job coding system. Use primarily if job identification is a separate system, and not considered part of the chart of accounts.",gl-usk,,,,ジョブ識別子,関連するジョブ番号かジョブコード。 科目に組み込めるかもしれないが、多くのシステムでは独立したジョブコードシステムを持っている。おもに、ジョブの識別が別システムであり、科目体系に含まれないときに使用される。,gl-usk:jobCode
246,2,Attribute,,Job,Job Description,Text,,0..1,Description of job,gl-usk,,,,ジョブ説明,ジョブの説明。,gl-usk:jobDescription
247,2,Attribute,,Job,Job Phase,Char,,0..1,"Job code, phase, activity. Allows greater granularity than a simple job number. Although the gl-core only reaches down from job to phases, this can be customized to extend down to cost codes.",gl-usk,,,,ジョブフェーズ,ジョブコード、フェーズ、活動。 簡単なジョブ番号より詳細な定義が可能。基本的には、ジョブからフェーズを導くのみだが、コストコードにまでいたるように拡張可能。,gl-usk:jobPhaseCode
248,2,Attribute,,Job,Job Phase Description,Text,,0..1,"Description of Job code, phase, activity",gl-usk,,,,ジョブフェーズ説明,ジョブコード、フェーズ、活動の説明。,gl-usk:jobPhaseDescription
249,2,Attribute,,Job,Active,Boolean,,0..1,"Boolean to indicate whether the job is active (=""true"") or inactive (=""false"")",gl-usk,,,,ジョブ有効性,ジョブが有効か無効かを示すブール値。,
250,1,Class,,Depreciation Mortgage,,,,,"Parent for information related to depreciation, mortgages, etc.",gl-bus,,,,【減価償却/抵当債務情報】,減価償却、抵当債務等に関連する情報の親タグ。,gl-bus:depreciationMortgage
251,2,Attribute,,Depreciation Mortgage,Mortgage Jurisdiction,Name,,0..1,"Jurisdiction (e.g. federal, state, local): e.g. US Federal, Province of Québec, other identifier",gl-bus,,,,抵当債務管轄,"管轄地区。（連邦、州、ローカル、等）。たとえば、米国連邦政府、ケベック州、その他の識別子。
[設定値のリスト]
(F)、(federal：連邦)、(S)、(state：州)、(L)、(local：地域)、(other：その他)",gl-bus:dmJurisdiction
252,2,Attribute,,Depreciation Mortgage,Depreciation Method,Char,,0..1,"Type of depreciation method: used for information about the loan percentage for loan or the depreciation method. This is used for informational purposes only. Examples of entries are ""20%"", ""5 year DDB"" (Double Declining Balance).",gl-bus,,,,減価償却方法,減価償却方法のタイプ。ローンのパーセンテージや減価償却方法に関する情報を含む。単なる情報提供を目的とする。たとえば、20%、5年、DDB(倍額定率)。,gl-bus:dmMethodType
253,2,Attribute,,Depreciation Mortgage,Mortgage Life,Decimal,,0..1,Length of life in number of periods.,gl-bus,,,,抵当債務期間,存在する期間数。,gl-bus:dmLifeLength
254,2,Attribute,,Depreciation Mortgage,Description,Text,,0..1,"Description of each item related to depreciation, mortgage, loan, credit facility, etc.",gl-bus,,,,債務説明,減価償却や債権債務、ローン、信用供与等に関する項目の説明。,gl-bus:dmComment
255,2,Attribute,,Depreciation Mortgage,Start Date,Date,,0..1,"Start of the applicable period of each item related to depreciation, mortgage, loan, credit facility, etc.",gl-bus,,,,開始日付,減価償却や債権債務、ローン、信用供与等に関する項目の、適用期間の開始日。,gl-bus:dmStartDate
256,2,Attribute,,Depreciation Mortgage,End Date,Date,,0..1,"End of the applicable period of each item related to depreciation, mortgage, loan, credit facility, etc.",gl-bus,,,,終了日付,減価償却や債権債務、ローン、信用供与等に関する項目の、適用期間の終了日。,gl-bus:dmEndDate
257,2,Composition,,Depreciation Mortgage,,,Amount,0..1,"Amount of a cost or fee charged for a mortgage, loan, credit facility, etc.",gl-bus,,,,手数料,減価償却や債権債務、ローン、信用供与等で請求されるコストや手数料。,
258,1,Class,,Tax,,,,,Tuple for holding tax related information,gl-cor,,,,【税情報】,税関連の情報のタプル。,gl-cor:taxes
259,2,Attribute,,Tax,Tax Authority,Char,,0..1,Name of the relevant tax authority,gl-cor,,,,課税庁,関係する課税庁の名前。,gl-cor:taxAuthority
260,2,Attribute,,Tax,Tax Table Code,Char,,0..1,Tax table code used by the relevant tax authority,gl-cor,,,,税率表コード,関係する課税庁で使用される税率表のコード。,gl-cor:taxTableCode
261,2,Attribute,,Tax,Tax Description,Text,,0..1,Description of tax authority,gl-cor,,,,課税庁説明,課税庁の説明。,gl-cor:taxDescription
262,2,Composition,,Tax,Tax,,Amount,0..1,Amount of taxes,gl-cor,,,,税額,税額。,
263,2,Composition,,Tax,Taxable,,Amount,0..1,Basis for taxation,gl-cor,,,,課税基準,課税基準。,
264,2,Attribute,,Tax,Tax Exchange Rate,,,0,"If the tax is in a foreign currency, the exchange rate used expressed as national currency divided by foreign currency",gl-cor,,,,[非推奨] 税額換算用レート,税が外貨建ての場合の、換算レート。自国通貨を外貨で割った値。,
265,2,Attribute,,Tax,Tax Percentage Rate,Decimal,,0..1,Percent rate for VAT or other taxes normally a number between 0 and 1.0 - e.g. 50% is represented as 0.5,gl-cor,,,,税率,VAT(物品税)またはその他の税のパーセント比率。0から1.0の間の値。たとえば50%は0.5とあらわす。,gl-cor:taxPercentageRate
266,2,Attribute,,Tax,Tax Category,Char,,0..1,A class or category of taxes,gl-cor,,,,税区分,税のクラス又はカテゴリ。,gl-cor:taxCode
267,2,Attribute,,Tax,Tax Comment/Exemption Reason,Text,,0..1,Additional text/code for exemption reasons or other comments.,gl-cor,,,,税コメント/免税理由,免税理由やその他のコメントのための、追加の文またはコード。,gl-cor:taxCommentExemption
268,2,Composition,,Tax,,,Multicurrency Amount,0..1,,gl-muc,,,,税,税,
269,1,Class,,Originating Document,,,,,"A tool to capture the flow of related documents in the gl-business process. Some needs of end users require a greater history of the documents that are associated with a transaction, especially in the VAT audit area. Contains a repetitive structure of related documents.",gl-taf,,,,【発生元文書情報】,業務プロセス上の、関連文書の流れを捕捉するためのもの。特にVAT監査では、エンドユーザの要求として、取引に関係する文書の履歴が必要とされる。関連文書情報の構造の繰り返しを含む。,
270,2,Attribute,PK,Originating Document,Number,Identifier,,0..1,Originating document number,gl-taf,,,,発生元文書番号,発生元文書の番号。,gl-cor:documentNumber
271,2,Attribute,,Originating Document,Type,Char,,0..1,"Originating document type - order, acknowledgement, confirmation, shipment, delivery/receipt, invoice, payment, etc.",gl-taf,,,,発生元文書種別,発生元文書の種別。発注、通知、確認、出荷、配送/受領、請求、支払、など。,gl-taf:originatingDocumentType
272,2,Attribute,,Originating Document,Date,Date,,0..1,Originating document date,gl-taf,,,,発生元文書日付,発生元文書の日付。,gl-taf:originatingDocumentDate
273,2,Attribute,,Originating Document,Identifier Type,Char,,0..1,"Originating document identifier type: e.g. Customer, Vendor, Employee, Other",gl-taf,,,,発生元文書対象CVE種別,"発生元文書の対象となるCVEの種別。例えば、顧客、仕入先、従業員、その他。
[設定値のリスト]
(C)、(customer：顧客)、(E)、(employee：従業員)、(V)、(vendor：仕入先)、(O)、(other：その他)、(I)、(salesperson-internal：店舗内販売員)、(X)、(salesperson-external：外交販売員)、(N)、(contractor：請負者) ",gl-taf:originatingDocumentIdentifierType
274,2,Attribute,,Originating Document,Identifier Code,Char,,0..1,Originating document identifier code,gl-taf,,,,発生元文書対象CVEコード,発生元文書の対象となるCVEのコード。,gl-taf:originatingDocumentIdentifierCode
275,2,Attribute,,Originating Document,Identifier Tax Code,Char,,0..1,Originating document identifier tax code,gl-taf,,,,発生元文書対象CVE納税者コード,発生元文書の対象となるCVEの納税者コード。,gl-taf:originatingDocumentIdentifierTaxCode
276,1,Class,,Entry Detail,,,,,Parent for entry detail,gl-cor,,,,【仕訳明細】,仕訳明細の親タグ。,gl-cor:entryDetail
277,2,Attribute,,Entry Detail,Line Number,Char,,0..1,Identifier for a particular entry detail,gl-cor,,,,明細行番号,仕訳明細の識別子。,gl-cor:lineNumber
278,2,Attribute,,Entry Detail,Line Number Counter,Char,,0..1,Unique reference for the line - a numeric counter,gl-cor,,,,明細行番号カウンタ,明細行の一意なリファレンス　　カウンタ,gl-cor:lineNumberCounter
279,2,Composition,,Entry Detail,,,Amount,0..1,"This field (amount) represents the primary monetary amount related to the  subject of the entryDetail line. There is one primary monetary amount per entryDetail structure. It may, for example, represent the amount of one line of a journal entry, the balance on a document, or the extended amount of a line item on an invoice. Amount is not required if detailed entry is used for non-financial work and other elements are populated, in particular measurableQuantity. The amount field is a signed number (either positive or negative itself) and used in conjunction with a separate signOfAmount and a separate debitCreditCode, which together are considered for understanding the monetary amount. The unit of measure is determined by amountCurrency if present, and by the default or home currency if amountCurrency is not present.",gl-cor,,,,金額,entryDetailの代表的な金額を示す。entryDetailごとにひとつの値を持つ。たとえば、仕訳帳の行、残高、請求書の行の金額。明細が会計業務用でなく、measurableQuantityなどの他の要素が設定されている場合は不要。符号付数値であり、金額を解釈するために用意されたsignOfAmountおよびdebitCreditCodeとあわせて使用される。通貨単位はamountCurrencyで決定される。amountCurrencyが指定されない場合は、既定または自国の通貨単位となる。,
280,2,Attribute,,Entry Detail,Original Exchange Rate Date,Date,,0..1,Date of exchange rate used to regl-cord the original transaction.,gl-muc,,,,原取引通貨換算レート日付,原取引の記録に使われた通貨換算レートの日付。,gl-muc:amountOriginalExchangeRateDate
281,2,Composition,,Entry Detail,Original Currency,,Amount,0..1,"Amount in original (as opposed to home) currency, for multi-currency tracking.",gl-muc,,,,原取引通貨換算額,多通貨取引のための、(自国通貨に対する)原取引通貨での金額。,
282,2,Attribute,,Entry Detail,Sign Indication for Amount,Char,,0..1,Sign of amount; provides 4 possible fields only when used in conjunction with debitCreditCode; primarily used for gl-correcting entries so total debits and credits after an entry error are not inflated. D + increase DebitsD - decrease debitsC + decreases creditC - increases credit,gl-cor,,,,金額符号,"金額の符号。貸借識別子と関連して使用される場合にだけ、4つの可能なフィールドを提供する。記入エラー後の総貸借が膨張しないように、おもに仕訳の訂正に使用される。 D+は借方を増加させる。D-は借方を減少させる。C+は貸方を減少させる。C-は貸方を増加させる。
[設定値のリスト]
(+)、(-)、(plus：プラス)、(minus：マイナス) ",gl-cor:signOfAmount
283,2,Attribute,,Entry Detail,Debit/Credit Identifier,Char,,0..1,"Optional identifier of whether the amount is a (D)ebit, a (C)redit or Undefined",gl-cor,,,,貸借区分コード,"金額が借方か貸方か不定かを示す識別子。
[設定値のリスト]
(D)、(C)、(debit：借方)、(credit：貸方)、(undefined：不定) ",gl-cor:debitCreditCode
284,2,Attribute,,Entry Detail,Posting Date,Date,,0..1,"At the detail level, this represents the accounting significance date. No matter what date the document is received, entered, or posted, this signifies the accounting date of the entry. If you want to see the financial results for March 5, 2002 and this entry is given that date, the entry will be part of the results for March 5, 2002. This is different from the postedDate found at the entryHeader level. If you want the accounting significance to be a particular date, it goes here. A single entry could represent multiple dates, but would only be posted on one date.",gl-cor,,,,転記日付,明細レベルで、会計上意義のある日付を示す。ドキュメントの受領、入力、転記の日付に関わらず、仕訳が会計処理された日付を示す。2002.03.05の財務結果を見たいときに、ここにその日付がある場合は、この明細は2002.03.05の結果の一部である。これは、entryHeaderにあるpostedDateとは異なる。特定の日付を会計上意義のある日付にしたいなら、ここに記述する。ひとつの仕訳が複数の日付をあらわせるが、ひとつの日でのみ転記される。,gl-cor:postingDate
285,2,Attribute,,Entry Detail,Memo Line,Char,,0..1,A boolean like entry that indicates whether an entryDetail line has been provided solely to provide additional details and that tools should not consider the amount in postings.,gl-bus,,,,メモ行フラグ,明細行が単に追加の詳細を与えるものであり、転記金額に含めるべきでないことを示すブール値。,gl-bus:amountMemo
286,2,Attribute,,Entry Detail,Allocation Code,Char,,0..1,"Code associated with the calculation formula: e.g. (D)ivide by number of periods, (T)otal for period given",gl-bus,,,,配分コード,計算方式に関するコード。例えば、(D)期間数で分割、(T)与えられた期間の合計。,gl-bus:budgetAllocationCode
287,2,Attribute,,Entry Detail,Document Type,Char,,0..1,"An enumerated field describing the original source document, with invoice, voucher, check and other enumerated entries",gl-cor,,,,元文書種別,"顧客への請求書、ベンダからの請求書、小切手、その他の列挙値による、元文書の説明。
[設定値のリスト]
(check：小切手)、(debit-memo：借方メモ)、(credit-memo：貸方メモ)、(finance-charge：財務費用)、(invoice：顧客への請求書)、(order-customer：顧客オーダ)、(order-vendor：仕入先オーダ)、(payment-other：その他支払い)、(reminder：督促状)、(tegata：手形)、(voucher：ベンダからの請求書)、(shipment：出荷票)、(receipt：受領票)、(manual-adjustment：手修正)、(other：その他)",gl-cor:entriesType
288,2,Attribute,,Entry Detail,Document Type Description,Text,,0..1,Free format description of the document type,gl-cor,,,,元文書種別説明,元文書の種別の説明。,gl-cor:documentTypeDescription
289,2,Attribute,,Entry Detail,Invoice Type,Char,,0..1,"Invoice Type  (self-billed, ePoS enumerated values)",gl-cor,,,,請求書種別,"請求書の種別。(self-billed、ePoS)
[設定値のリスト]
(ePos：POSシステムからの発行)、(self-billed：買い手が発行)",gl-cor:invoiceType
290,2,Attribute,,Entry Detail,Document Date,Date,,0..1,"Date (and less likely in the paper world but possible in the e-world, time) on actual document (invoice, voucher, check date). Other dates control posting information.",gl-cor,,,,元文書日付,実際の文書（請求書、証憑、小切手）の日付（および、紙の世界ではありそうにないが、電子的には時刻）。 転記の情報は別の日付で管理する。,gl-cor:documentDate
291,2,Attribute,,Entry Detail,Received Date,Date,,0..1,Date/time document was noted as received (if necessary). Represents actual date received. Posting dates are maintained separately.,gl-bus,,,,元文書受領日付,（必要であれば）文書の受領が記録された日付/時刻。実際に受領された日付をあらわす。転記日付は別に管理される。,gl-bus:documentReceivedDate
292,2,Attribute,,Entry Detail,Chargeable or Reimbursable,Char,,0..1,"Is this entry chargeable to client, reimbursable? Used by some systems to indicate that account on posting/validation should be posted to a customer or vendor's account.",gl-bus,,,,請求支払可能フラグ,この仕訳は顧客に請求、支払可能か。いくつかのシステムでは転記/検証対象の科目が顧客や仕入先の科目に転記されるべきかどうかを示すために使用される。,gl-bus:documentChargeReimb
293,2,Attribute,,Entry Detail,Payment Method,Text,,0..1,Method used or to be used to make the payment,gl-bus,,,,支払方法,支払いのために使用された、または使用される方法。,gl-bus:paymentMethod
294,2,Attribute,,Entry Detail,Posting Status,Char,,0..1,"deferred: although entered, it cannot be posted until a later time
posted: already posted
proposed: a proposed item that must be approved
simulated: a simulated item, for what-if
tax: a tax-specific entry
unposted:entered but not yet posted or validated
cancelled:entered and later cancelled
nother:other status - should be described in postingStatusDescription",gl-cor,,,,転記状態,"・据置：入力されたが、まだ転記できない。
・転記済：転記済み。
・提案済：検証が必要な項目。
・シミュレーション：仮定のためにシミュレートされた項目。
・税：税項目。
・未転記：入力されたが、まだ検証も転記もされていない。
・取消済：入力されたが、取り消された。
・その他：その他の状態。postingStatusDescriptionで説明されるべき。
[設定値のリスト]
(deferred：据置)、(posted：転記済)、(proposed：提案済)、(simulated：シミュレーション)、(tax：税)、(unposted：未転記)、(cancelled：取消済)、(other：その他)",gl-cor:postingStatus
295,2,Attribute,,Entry Detail,Posting Status Description,Text,,0..1,Free format description of the posting status,gl-cor,,,,転記状態説明,転記状態の説明。,gl-cor:postingStatusDescription
296,2,Attribute,,Entry Detail,Description,Text,,0..1,Description of this line of detail only,gl-cor,,,,説明,この明細行のみに対する説明。,gl-cor:detailComment
297,2,Attribute,,Entry Detail,Acknowledgement Date,Date,,0..1,Date of acknowledgement of goods/services shipped/received.,gl-cor,,,,承認日付,出荷/受領済みの物品/サービスを承認した日付。,gl-cor:dateAcknowledged
298,2,Attribute,,Entry Detail,Confirmation Date,Date,,0..1,Date of confirmation of shipment/receipt.,gl-cor,,,,確認日付,出荷/受領を確認した日付。,gl-cor:confirmedDate
299,2,Attribute,,Entry Detail,Ship From,Name,,0..1,References organizationAddressLocationIdentifier where used. Otherwise freeform.,gl-cor,,,,出荷元,organizationAddressLocationIdentifierの参照情報。または自由記述。,gl-cor:shipFrom
300,2,Attribute,,Entry Detail,Date Shipped/Received,Date,,0..1,Date goods/services are shipped/received.,gl-cor,,,,出荷/受領日付,物品/サービスを出荷/受領した日付。,gl-cor:shipReceivedDate
301,2,Attribute,,Entry Detail,Maturity Date or Date Due,Date,,0..1,Due date or other maturity date.,gl-cor,,,,支払期日,支払期日やその他の期日。,gl-cor:maturityDate
302,2,Attribute,,Entry Detail,Payment Terms,Name,,0..1,Discount/payment terms.,gl-cor,,,,支払条件,割引/支払い条件。,gl-cor:terms
303,2,Attribute,,Entry Detail,Ticking Field,Name,,0..1,"Signifies that an item has been cleared, finished, finalized. When checking accounts are called for, the tick or letter showing this was done appears in this field. Can also be used for identifying that the
original document against which a payment or DR/CR memo applies has been reconciled.",gl-taf,,,,チェック欄,項目が消去または完了されたことを示す。勘定のチェックが要求される場合、処理済を示すチェックマークまたは文字が指定される。支払またはDR/CRのメモに対する元文書が、消し込まれたことを確認するためにも使用可能。,gl-taf:tickingField
304,2,Attribute,,Entry Detail,UCR,Char,,0..1,"Unique Consignment Reference or UCR. An ""origin to destination"" reference code for international consignments, developed in cooperation with the World Customs Organization and EAN International (EAN). (http://www.wcoomd.org/ie/EN/press/UCR_new_e.pdf)",gl-taf,,,,UCRコード,"Unique Consignment ReferenceまたはUCR。国際委託販売のための""origin to destination""参照コード。World Customs OrganizationとEAN International (EAN)が共同で開発している。
(http://www.wcoomd.org/ie/EN/press/UCR_new_e.pdf)",gl-taf:uniqueConsignmentReference
305,2,Attribute,,Entry Detail,Document Location,Text,,0..1,"Document location as URI, file name or other reference. Alternatively, text of document can be placed here.",gl-bus,,,,元文書格納場所,文書の格納場所である、URI、ファイル名またはその他の参照情報。代わりに、文書のテキストも記述可能。,gl-bus:documentLocation
306,2,Reference Association,,Entry Detail,Document Number,,Originating Document,0..1,"Invoice, check, voucher, or other source document identifier",gl-cor,,,,元文書番号,請求書、小切手、証憑、その他の元文書の識別子。,
307,2,Reference Association,,Entry Detail,Apply To Number,,Originating Document,0..1,"Document number of primary invoice number, used to offset payments, debits and credits; for an invoice, usually the same as the documentNumber. When calculating open balance on an invoice, or open amount on payments in advance or not fully applied, this permits calculation of the open item.",gl-cor,,,,適用先番号,支払、借方、貸方の相殺に使用される、一次請求書の文書番号。請求書では通常documentNumberと等しい。未決済の請求書残高や、未決済の支払金額の計算時に、利用できる。,
308,2,Reference Association,,Entry Detail,Document Reference,,Originating Document,0..1,Internal reference for the document above; number assigned internally to track the document,gl-cor,,,,【元文書参照情報】,上の文書のための内部参照情報。文書を追跡するために内部的に割り当てた番号。,
309,2,Composition,,Entry Detail,,,Account,0..*,"Tuple: parent container for account numbers and identifiers. No entry is made here, but each detail line may have multiple accounts assigned to it for reporting in different GAAPs, offsetting accounts in Japan, passing along information to consolidation systems about local versus consolidating accounts, etc. 
For example, the account 4783HG-QOWI-192837-1000 may be expressed so: 
/account/accountMainID 1000
/account/accountMainDescription Cash
/account/accountSub/accountSubID 4783HG
/account/accountSub/accountSubDescription Department
/account/accountSub/accountSubID QOWI
/account/accountSub/accountSubDescription Branch
/account/accountSub/accountSubID 192837
/account/accountSub/accountSubDescription Division",gl-cor,,,,科目識別子,"タプル。勘定科目番号と識別子の親コンテナ。 ここには記入されないが、個々の明細行は、異なるGAAPでの報告や、日本の見返勘定や、連結勘定科目に対する個別情報の連結会計システムへの伝達などのための、複数の勘定科目を持ちうる。例えば、勘定科目4783HG-QOWI-192837-1000は、次のように表現されうる。
/account/accountMainID 1000  /account/accountMainDescription Cash
/account/accountSub/accountSubID 4783HG
/account/accountSub/accountSubDescription Department
/account/accountSub/accountSubID QOWI
/account/accountSub/accountSubDescription Branch
/account/accountSub/accountSubID 192837
/account/accountSub/accountSubDescription Division",
310,2,Composition,,Entry Detail,,,Multicurrency Amount,0..*,Section to provide additional information related to home currencies that differ from original currencies and related exchange rates - typically this will be used to regl-cord exchange rates and amounts in currencies and/or on dates other than those of the original transaction. This structure allows regl-cording of exchange rates using a third currency as a triangulation currency. This is often EUR but is not restricted to being so. This structure may be repeated as many times as necessary to regl-cord amounts in foreign currencies on the same or different dates.,gl-muc,,,,多通貨明細,"原取引時の通貨と異なる、自国通貨と換算レートに関する追加情報のセクション。－現在および原取引時の、換算レートおよび金額の記録に使用される。
トライアンギュレーション通貨としての第三通貨の換算レートを記録できる。EURの場合が多いがそれに限らない。この構造は、同日または異なる日の外貨での金額を記録する必要がある限り、繰り返し指定可能。",
311,2,Composition,,Entry Detail,Document Remaining Balance,,Amount,0..1,Balance remaining on the document,gl-taf,,,,文書上残高,文書上の残高。,
312,2,Aggregation,,Entry Detail,,,Identifier Reference,0..*,"Identification for customer, vendor, or employee.",gl-cor,,,,CVE情報,顧客、仕入先、従業員のための識別子。,gl-cor:identifierReference
313,2,Composition,,Entry Detail,,,XBRL Information,0..*,This will roll up to XBRL reporting information - this is a parent - repeatable so that the same item can be reported through many taxonomies. Care should be taken to consider what happens if people post to the same account but different XBRL elements.,gl-cor,,,,XBRL情報,XBRLレポート情報へのロールアップ情報。親タグであり、同じ項目が複数のタクソノミを通じて報告されうるように繰り返し可能。同一の勘定科目を異なるXBRL要素に転記した場合にどうなるか、注意深く考慮すべきである。,gl-cor:xbrlInfo
314,2,Aggregation,,Entry Detail,,,Measurable,0..*,"Parent for information regarding measurable items associated with the enclosing entryDetail line. Primary area used for holding performance measures. Based on needs for tracking inventory transactional detail, but suitable for anything assigned to an ""account"", ""reporting bucket"" or ""code"". Can be used to track any movements.",gl-bus,,,,計測可能物情報,明細行に関係付けられた、計測可能物の情報の親タグ。おもにパフォーマンス測定のために使用される。在庫移動の詳細の追跡の必要性に基づき、「科目」、「報告バケット」、「コード」に関係付けられるあらゆるものに適する。あらゆる活動を追跡するために使用可能。,gl-bus:measurable
315,2,Composition,,Entry Detail,,,Job,0..*,"Tuple for holding job related information, separate from jobs represented in account identifier. Would probably only have one jobinfo tuple for each entry line, but there may be a need to express more than one.",gl-bus,,,,ジョブ情報,科目識別子で表現されるジョブとは別の、ジョブに関係する情報のタプル。個々の明細行に対してひとつだけ存在すると思われるが、複数必要かもしれない。,gl-bus:jobInfo
316,2,Composition,,Entry Detail,,,Depreciation Mortgage,0..*,"Parent for information related to depreciation, mortgages, etc.",gl-bus,,,,減価償却/抵当債務情報,減価償却、抵当債務等に関連する情報の親タグ。,gl-bus:depreciationMortgage
317,2,Composition,,Entry Detail,,,Tax,0..*,Tuple for holding tax related information,gl-cor,,,,税情報,税関連の情報のタプル。,gl-cor:taxes
318,2,Aggregation,,Entry Detail,,,Originating Document,0..*,"A tool to capture the flow of related documents in the gl-business process. Some needs of end users require a greater history of the documents that are associated with a transaction, especially in the VAT audit area. Contains a repetitive structure of related documents.",gl-taf,,,,発生元文書情報,業務プロセス上の、関連文書の流れを捕捉するためのもの。特にVAT監査では、エンドユーザの要求として、取引に関係する文書の履歴が必要とされる。関連文書情報の構造の繰り返しを含む。,
319,1,Class,,Entry Header,,,,,Parent for entry headers/journal entry headers.,gl-cor,,,,【仕訳情報】,エントリヘッダー/仕訳記入ヘッダーの親タグ。,gl-cor:entryHeader
320,2,Attribute,PK,Entry Header,Entry Identifier,Identifier,,0..1,Identifier within source journal,gl-cor,,,,仕訳識別子,元仕訳帳中の識別子。,gl-cor:entryNumber
321,2,Attribute,,Entry Header,Date Posted,Date,,0..1,Date this entry was posted (validated) to the general ledger. May not represent the date of accounting significance which is represented by 'postingDate'.,gl-cor,,,,転記済日付,この仕訳が総勘定元帳に転記された(検証された)日付。 postingDateで示されるような会計上意味のある日付を表さないかもしれない。,gl-cor:postedDate
322,2,Attribute,,Entry Header,Entry Creator,Name,,0..1,Initials/name of operator originally entering.,gl-cor,,,,仕訳作成者,最初に入力したオペレータのイニシャル/名前。,gl-cor:enteredBy
323,2,Attribute,,Entry Header,Entry Last Modifier,Name,,0..1,Identification for the last person modifying this entry before posting.,gl-bus,,,,仕訳最終更新者,転記前に最後にこの仕訳を修正した者の識別子。,gl-bus:enteredByModified
324,2,Attribute,,Entry Header,Entry Date,Date,,0..1,"Represents the actual date/time of entry into computer (automated from system date, often misrepresented by changing system clock). Posting dates are maintained separately.",gl-cor,,,,入力日付,コンピュータへ入力した実際の日付/時刻(システム日付から自動的に与えられ、システム時計の変更により、しばしば誤った値になる)を示す。 転記日付とは別に管理される。,gl-cor:enteredDate
325,2,Attribute,,Entry Header,Responsible Person,Name,,0..1,Identifier of person who created or originated or is otherwise responsible for the entry.,gl-bus,,,,責任者,仕訳を作成したか、仕訳に責任を持つ者の識別子。,gl-bus:entryResponsiblePerson
326,2,Attribute,,Entry Header,Source Journal,Char,,0..1,"Source journal. The code of the journal in which the entry is processed. The code must be a unique indication for a journal and is selected from the following enumerated list:\ncd      cash disbursements (sending cheques to vendors)\ncr      cash receipts (receiving cheques from others)\nfa      fixed assets\ngi      giro/other bank adjustments\ngj      general journal\nim      inventory management\njc      job cost\npj      purchase journal (liabilities from purchases)\npl      payroll journal\nsj      sales journal\nse      standard entries\nud      user defined\not      other sources of entries""",gl-cor,,,,元仕訳帳種別,元仕訳帳。仕訳が処理される仕訳帳のコード。コードは仕訳帳に一意な指標であり、以下から選択する。\n出金(仕入先への小切手送付)、入金(他者からの小切手受領)、固定資産、振替、一般仕訳帳、在庫管理、個別原価、仕入帳(仕入による負債)、賃金台帳、売上台帳、通常仕訳、ユーザ定義、その他\n[設定値のリスト]\n(cd：出金)、(cr：入金)、(fa：固定資産)、(gi：振替)、(gj：一般仕訳帳)、(im：在庫管理)、(jc：個別原価)、(pj：仕入帳)、(pl：賃金台帳)、(sj：売上台帳)、(se：通常仕訳)、(ud：ユーザ定義)、(ot：その他),gl-cor:sourceJournalID
327,2,Attribute,,Entry Header,Journal Description,Text,,0..1,"Source journal (full description of general journal, payroll journal, accountant entries). A more easily readable journal indication. The most common journals are: Purchases, Sales, Cash, and General Journal.",gl-bus,,,,元仕訳帳説明,元仕訳帳(一般仕訳、給与台帳、会計士入力の完全な説明)。 よりわかりやすい仕訳帳の指標。 最も一般的な仕訳帳は、次の通り。 仕入、売上、現金、一般仕訳。,gl-bus:sourceJournalDescription
328,2,Attribute,,Entry Header,Type Identifier,Char,,0..1,"One of the following enumerated list: adjusting, budget, comparative, external-accountant, standard, passed-adjusting, eliminating, proposed, recurring, reclassifying, simulated, tax, other",gl-cor,,,,種別識別子,以下の値のうちのひとつ。\n整理、予算、比較、外部会計士、通常、無視、消去、提案、反復、組替、シミュレーション、税、その他\n[設定値のリスト]\n(adjusting：整理)、(budget：予算)、(comparative：比較)、(external-accountant：外部会計士)、(standard：通常)、(passed-adjusting：無視)、(eliminating：消去)、(proposed：提案)、(recurring：反復)、(reclassifying：組替)、(simulated：シミュレーション)、(tax：税)、(other：その他),gl-cor:entryType
329,2,Attribute,,Entry Header,Entry Origin,Char,,0..1,"Origin of entry: accrual, manual entry, imported entry, exchange gain or loss",gl-bus,,,,仕訳起源,仕訳の起源。発生、手入力、インポート入力、為替換算による損益。,gl-bus:entryOrigin
330,2,Attribute,,Entry Header,Entry Description,Char,,0..1,Description of entry described by this entry header (e.g. Opening Balance),gl-cor,,,,仕訳説明,このエントリヘッダーによって説明された仕訳の説明(例えば、期首残高)\n,gl-cor:entryComment
331,2,Attribute,,Entry Header,Entry Qualifier,Char,,0..1,"Entry Qualifier - An enumerated field that qualifies the type of entry, specifically useful for general ledger and trial balance environments when it is important to state the values represented are summarized as of the reporting date - opening or closing balances. In accounting systems, this is often known as BBF (balance brought forward.) Permitted values are: standard, balance-brought-forward and other.",gl-cor,,,,仕訳修飾子,仕訳の修飾子。総勘定元帳や試算表で、開始残高や決算残高のように、記された値が報告日で集約されていることを明示することが重要なときに有用な、仕訳の種別を修飾するもの。会計システムにおいて、BBF（繰越残高）として知られるもの。指定可能な値は以下。標準、繰越残高、その他\n[設定値のリスト]\n(standard：標準)、(balance-brought-forward：繰越残高)、(other：その他) ,gl-cor:qualifierEntry
332,2,Attribute,,Entry Header,Entry Qualifier Description,Char,,0..1,Free format description of the entry qualifier,gl-cor,,,,仕訳修飾子説明,仕訳の修飾子の説明。,gl-cor:qualifierEntryDescription
333,2,Attribute,,Entry Header,Posting Code,Char,,0..1,"Code for posting to period, e.g., period 1-13, based on codes in an accounting period file. We do not recommend that software vendors export here, but suggest providing period end numbers for the buckets. Possibilities W1 through W53, M1 through M13, Q1-Q4. Developers and others creating output files are encouraged to supply an actual end date.",gl-bus,,,,転記コード,転記の期間を表すコード。例えば、会計期間ファイルのコードにもとづく期間１～１３。ソフトウエアベンダーが、この値をエクスポートすることは推奨しない。期間の最終番号を提供することを勧める。可能な値としては、W1からW53、M1からM13、Q1からQ4など。開発者や出力ファイルの作成者には、実際の終了日付を提供することを勧める。,gl-bus:postingCode
334,2,Attribute,,Entry Header,Batch ID for Entry Group,Char,,0..1,ID for a batch for this group of entries,gl-bus,,,,仕訳グループ識別子,この仕訳の集合に付ける、束の識別子。,gl-bus:batchID
335,2,Attribute,,Entry Header,Batch Description,Char,,0..1,Description of this batch,gl-bus,,,,仕訳グループ説明,この仕訳の束の説明。,gl-bus:batchDescription
336,2,Attribute,,Entry Header,Number of Entries,Char,,0..1,The total number of entries.,gl-bus,,,,仕訳総数,仕訳の総数。,gl-bus:numberOfEntries
337,2,Composition,,Entry Header,Total Debits,,Amount,0..1,The total of all debit amounts.,gl-bus,,,,借方合計,借方金額の合計値。,
338,2,Composition,,Entry Header,Total Credits,,Amount,0..1,The total of all credit amounts.,gl-bus,,,,貸方合計,貸方金額の合計値。,
339,2,Attribute,,Entry Header,Type of Difference Between Book and Tax,Char,,0..1,"Enumerated field with possible values of permanent, temporary or none indicating the type of difference between book and tax accounting methods. Omission of this field is equivalent to ""none""",gl-cor,,,,帳簿価税務簿価差異種別,帳簿と税務会計処理方法との差異の種別を示す値。永久か一時的かまたは無し。値の省略時は「無し」と同じ。\n[設定値のリスト]\n(permanent：永久)、(temporary：一時的)、(none：無し),gl-cor:bookTaxDifference
340,2,Attribute,,Entry Header,Elimination Code,Char,,0..1,Informs destination ledger this is an intracompany entry which eliminates in consolidation,gl-bus,,,,相殺消去コード,連結決算時に消去される連結会社間仕訳であることを、受取側の元帳に通知する。,gl-bus:eliminationCode
341,2,Attribute,,Entry Header,Budget Scenario Period Start,Date,,0..1,Start of period covered by associated budgetScenario,gl-bus,,,,予算シナリオ期間開始日付,関係付けられたbudgetScenarioがカバーする期間の開始日。,gl-bus:budgetScenarioPeriodStart
342,2,Attribute,,Entry Header,Budget Scenario Period End,Date,,0..1,End of period covered by associated budgetScenario,gl-bus,,,,予算シナリオ期間終了日付,関係付けられたbudgetScenarioがカバーする期間の終了日。,gl-bus:budgetScenarioPeriodEnd
343,2,Attribute,,Entry Header,Scenario Description,Text,,0..1,Text related to budgetScenario,gl-bus,,,,シナリオ説明,budgetScenarioに関する記述。,gl-bus:budgetScenarioText
344,2,Attribute,,Entry Header,Scenario Code,Char,,0..1,"Code for a budget scenario identifier (such as PB for 'preliminary budget', or RB for 'revised budget', or other identifier for entryType)",gl-bus,,,,シナリオコード,予算シナリオの識別コード。例えば、「PB」（予備予算）、「RB」（補正予算）、または他の仕訳種別の識別子。,gl-bus:budgetScenario
345,2,Attribute,,Entry Header,Budget Allocation Code,Char,,0..1,"Code associated with the calculation formula: e.g. (D)ivide by number of periods, (T)otal for period given",gl-bus,,,,予算配分コード,計算式に関係付けられたコード。例えば、期間数での分割、与えられた期間の合計\n[設定値のリスト]\n(D：期間数での分割)、(T：与えられた期間の合計) ,gl-bus:budgetAllocationCode
346,2,Reference Association,,Entry Header,Reversing ID,,Entry Header,0..1,"For standard, reversing, master, cancelling or other entries an ID associated with those entries.",gl-usk,,,,反対/通常/マスタ仕訳識別子,通常、反対、マスタ、取消または他の仕訳のための、それらの仕訳を関連付けるID。,
347,2,Attribute,,Entry Header,Recurring Standard Description,Text,,0..1,Description to accompany standard or recurring ID,gl-usk,,,,反復通常仕訳説明,通常仕訳または反復仕訳のIDの説明。,gl-usk:recurringStdDescription
348,2,Attribute,,Entry Header,Frequency Interval,Decimal,,0..1,"For standard or recurring journals, how often entry may be made: every frequencyInterval frequencyUnit, such as every 7 (interval) days (unit) or every 1 (interval) quarter (unit). This field represents the interval.\n",gl-usk,,,,頻度間隔,通常または反復仕訳において、仕訳が記入される頻度。frequencyInterval、frequencyUnitごと、たとえば7(interval)日(unit)ごと、1(interval)四半期(unit)ごとなどにおける、intervalを示す。,gl-usk:frequencyInterval
349,2,Attribute,,Entry Header,Frequency Unit,Char,,0..1,"For standard or recurring journals, how often entry may be made: every frequencyInterval frequencyUnit, such as every 7 (interval) days (unit) or every 1 (interval) quarter (unit). This field represents the unit.\n",gl-usk,,,,頻度単位,通常または反復仕訳において、仕訳が記入される頻度。frequencyInterval、frequencyUnitごと、たとえば7(interval)日(unit)ごと、1(interval)四半期(unit)ごとなどにおける、unitを示す。,gl-usk:frequencyUnit
350,2,Attribute,,Entry Header,Repetitions Remaining,Decimal,,0..1,Number of times that the recurring entry will repeat,gl-usk,,,,反復残回数,反復仕訳の繰り返し予定数。,gl-usk:repetitionsRemaining
351,2,Attribute,,Entry Header,Next Date Repeat,Date,,0..1,Date next repeated or standard posted,gl-usk,,,,次回反復日付,次回の反復あるいは通常の転記日。,gl-usk:nextDateRepeat
352,2,Attribute,,Entry Header,Last Date Repeat,Date,,0..1,Date last repeated or standard posted,gl-usk,,,,前回反復日付,前回の反復あるいは通常の転記日。,gl-usk:lastDateRepeat
353,2,Attribute,,Entry Header,End Date of Repeating Entry,Date,,0..1,"For standard or recurring journals, stop date/time for repetitive entry.",gl-usk,,,,反復仕訳終了日付,通常仕訳または反復仕訳のための、反復入力の終了日付/時刻。,gl-usk:endDateRepeatingEntry
354,2,Attribute,,Entry Header,Reverse,Boolean,,0..1,Should entry be reversed?,gl-usk,,,,反対仕訳要否,仕訳が取り消されるべきか。,gl-usk:reverse
355,2,Attribute,,Entry Header,Reversing Date,Date,,0..1,Date this entry should be reversed,gl-usk,,,,反対仕訳日付,この仕訳が取り消されるべき日付。,gl-usk:reversingDate
356,2,Attribute,,Entry Header,Entry Number Counter,Char,,0..1,Unique reference for the entry - a numeric counter,gl-cor,,,,仕訳番号カウンタ,仕訳の一意なリファレンス　　カウンタ,gl-cor:entryNumberCounter
357,2,Composition,,Entry Header,,,Entry Detail,0..*,Parent for entry detail,gl-cor,,,,仕訳明細,仕訳明細の親タグ。,gl-cor:entryDetail
358,2,Class,,Accounting Entries,,,,,Root for XBRL GL. No entry made here.,gl-cor,,,,【会計仕訳】,XBRL GLのルート要素。 この要素にはデータは登録されない。,gl-cor:accountingEntries
359,2,Aggregation,,Accounting Entries,,,Document Information,0..*,Parent for descriptive information about the accountingEntries section in which it is contained.,gl-cor,,,,文書情報,この会計仕訳に関する情報の親タグ。,gl-cor:documentInfo
360,2,Aggregation,,Accounting Entries,,,Entity Information,0..*,Holder for entity information - information about the reporting organization.,gl-cor,,,,事業体情報,事業体情報（報告組織に関する情報）の入れ物。,gl-cor:entityInformation
361,2,Composition,,Accounting Entries,,,Entry Header,0..*,Parent for entry headers/journal entry headers.,gl-cor,,,,仕訳情報,エントリヘッダー/仕訳記入ヘッダーの親タグ。,gl-cor:entryHeader
